-- phpMyAdmin SQL Dump
-- version 5.2.0-1.fc36
-- https://www.phpmyadmin.net/
--
-- Host: localhost
-- Generation Time: Aug 28, 2022 at 12:48 PM
-- Server version: 10.5.16-MariaDB
-- PHP Version: 8.1.9

SET SQL_MODE = "NO_AUTO_VALUE_ON_ZERO";
START TRANSACTION;
SET time_zone = "+00:00";


/*!40101 SET @OLD_CHARACTER_SET_CLIENT=@@CHARACTER_SET_CLIENT */;
/*!40101 SET @OLD_CHARACTER_SET_RESULTS=@@CHARACTER_SET_RESULTS */;
/*!40101 SET @OLD_COLLATION_CONNECTION=@@COLLATION_CONNECTION */;
/*!40101 SET NAMES utf8mb4 */;

--
-- Database: `dsa_reading`
--

-- --------------------------------------------------------

--
-- Table structure for table `errors`
--

CREATE TABLE `errors` (
  `id` int(11) NOT NULL,
  `text_word` int(11) DEFAULT NULL,
  `type` varchar(50) DEFAULT NULL,
  `transcription` int(11) NOT NULL,
  `err_w` int(11) DEFAULT NULL,
  `time` double DEFAULT NULL,
  `weight` double DEFAULT NULL,
  `autocorrection` tinyint(1) DEFAULT NULL,
  `checked` tinyint(1) DEFAULT NULL
) ENGINE=InnoDB DEFAULT CHARSET=latin1;

--
-- Dumping data for table `errors`
--

INSERT INTO `errors` (`id`, `text_word`, `type`, `transcription`, `err_w`, `time`, `weight`, `autocorrection`, `checked`) VALUES
(1, 1755, 'Sostituzione', 17, NULL, 2.7, NULL, 0, 0),
(2, 1761, 'Sostituzione', 17, NULL, 14.8, NULL, 0, 0),
(3, 1766, 'Sostituzione', 17, NULL, 21.6, NULL, 0, 0),
(4, 1769, 'Sostituzione', 17, NULL, 25.9, NULL, 0, 0),
(5, 1774, 'Sostituzione', 17, NULL, 36.4, NULL, 0, 0),
(6, 1779, 'Ripetizione/Aggiunta', 17, NULL, 48.3, NULL, 0, 0),
(7, 1781, 'Omissione', 17, NULL, 52, NULL, 0, 0),
(8, 1785, 'Sostituzione', 17, NULL, 56, NULL, 0, 0),
(9, 1790, 'Sostituzione', 17, NULL, 65.6, NULL, 0, 0),
(10, 1793, 'Sostituzione', 17, NULL, 72.6, NULL, 0, 0),
(11, 1802, 'Sostituzione', 17, NULL, 89.2, NULL, 0, 0),
(12, 1811, 'Sostituzione', 17, NULL, 101.2, NULL, 0, 0),
(13, 1813, 'Sostituzione', 17, NULL, 110.6, NULL, 0, 0),
(14, 1818, 'Omissione', 17, NULL, 117.5, NULL, 0, 0),
(15, 1820, 'Sostituzione', 17, NULL, 119.1, NULL, 0, 0),
(16, 1823, 'Sostituzione', 17, NULL, 124.6, NULL, 0, 0),
(17, 1825, 'Sostituzione', 17, NULL, 126, NULL, 0, 0),
(18, 1827, 'Ripetizione/Aggiunta', 17, NULL, 132.6, NULL, 0, 0),
(19, 1831, 'Omissione', 17, NULL, 138.6, NULL, 0, 0),
(20, 1834, 'Sostituzione', 17, NULL, 139.8, NULL, 0, 0),
(21, 1836, 'Ripetizione/Aggiunta', 17, NULL, 148.5, NULL, 0, 0),
(22, 1838, 'Ripetizione/Aggiunta', 17, NULL, 152.5, NULL, 0, 0),
(23, 1841, 'Ripetizione/Aggiunta', 17, NULL, 156.9, NULL, 0, 0),
(24, 1845, 'Ripetizione/Aggiunta', 17, NULL, 164.4, NULL, 0, 0),
(25, 1875, 'Ripetizione/Aggiunta', 17, NULL, 174.9, NULL, 0, 0),
(26, 1881, 'Sostituzione', 17, NULL, 186.5, NULL, 0, 0),
(27, 1884, 'Sostituzione', 17, NULL, 192.3, NULL, 0, 0),
(28, 1886, 'Sostituzione', 17, NULL, 199.3, NULL, 0, 0),
(29, 1889, 'Sostituzione', 17, NULL, 205.2, NULL, 0, 0),
(30, 1893, 'Sostituzione', 17, NULL, 211.8, NULL, 0, 0),
(31, 1900, 'Sostituzione', 17, NULL, 224.1, NULL, 0, 0),
(32, 1910, 'Sostituzione', 17, NULL, 236.9, NULL, 0, 0);

-- --------------------------------------------------------

--
-- Table structure for table `patients`
--

CREATE TABLE `patients` (
  `cf` varchar(16) NOT NULL,
  `name` varchar(100) NOT NULL,
  `surname` varchar(100) NOT NULL,
  `birthday` date NOT NULL,
  `gender` varchar(1) DEFAULT NULL
) ENGINE=InnoDB DEFAULT CHARSET=latin1;

--
-- Dumping data for table `patients`
--

INSERT INTO `patients` (`cf`, `name`, `surname`, `birthday`, `gender`) VALUES
('10', 'A', 'S', '2000-01-01', 'M');

-- --------------------------------------------------------

--
-- Table structure for table `sim_words`
--

CREATE TABLE `sim_words` (
  `id` int(11) NOT NULL,
  `word1` int(11) DEFAULT NULL,
  `word2` int(11) DEFAULT NULL,
  `ratio` double DEFAULT NULL
) ENGINE=InnoDB DEFAULT CHARSET=latin1;

-- --------------------------------------------------------

--
-- Table structure for table `spoken_words`
--

CREATE TABLE `spoken_words` (
  `id` int(11) NOT NULL,
  `text_word` int(11) DEFAULT NULL,
  `transcription` int(11) DEFAULT NULL,
  `pos` int(11) DEFAULT NULL,
  `time` double DEFAULT NULL
) ENGINE=InnoDB DEFAULT CHARSET=latin1;

--
-- Dumping data for table `spoken_words`
--

INSERT INTO `spoken_words` (`id`, `text_word`, `transcription`, `pos`, `time`) VALUES
(1, 1751, 17, 4, 0.7999999999999999),
(2, 1752, 17, 5, 1.2),
(3, 1753, 17, 6, 1.7),
(4, 1754, 17, 7, 2.7),
(5, 1756, 17, 10, 10.3),
(6, 1757, 17, 11, 12.5),
(7, 1758, 17, 12, 13.1),
(8, 1759, 17, 13, 14),
(9, 1760, 17, 14, 14.8),
(10, 1762, 17, 18, 17.9),
(11, 1763, 17, 19, 19.1),
(12, 1764, 17, 20, 20.3),
(13, 1765, 17, 21, 21.6),
(14, 1768, 17, 27, 25.9),
(15, 1770, 17, 33, 34.5),
(16, 1771, 17, 34, 35.2),
(17, 1772, 17, 35, 35.8),
(18, 1773, 17, 36, 36.4),
(19, 1778, 17, 51, 46.5),
(20, 1779, 17, 52, 48.3),
(21, 1780, 17, 54, 52),
(22, 1782, 17, 56, 52.5),
(23, 1783, 17, 57, 55),
(24, 1784, 17, 58, 56),
(25, 1786, 17, 64, 61.5),
(26, 1787, 17, 65, 63),
(27, 1788, 17, 66, 64.7),
(28, 1789, 17, 67, 65.6),
(29, 1792, 17, 73, 72.6),
(30, 1795, 17, 81, 81),
(31, 1796, 17, 82, 82.6),
(32, 1797, 17, 83, 83.8),
(33, 1798, 17, 84, 84.4),
(34, 1799, 17, 85, 86.4),
(35, 1800, 17, 86, 88.3),
(36, 1801, 17, 87, 89.2),
(37, 1806, 17, 97, 96.8),
(38, 1807, 17, 98, 97.1),
(39, 1808, 17, 99, 99.6),
(40, 1809, 17, 100, 100.4),
(41, 1810, 17, 101, 101.2),
(42, 1812, 17, 108, 110.6),
(43, 1815, 17, 116, 114.6),
(44, 1816, 17, 117, 116.5),
(45, 1817, 17, 118, 117.5),
(46, 1819, 17, 120, 119.1),
(47, 1821, 17, 124, 121.4),
(48, 1822, 17, 125, 124.6),
(49, 1824, 17, 130, 126),
(50, 1827, 17, 136, 132.6),
(51, 1830, 17, 140, 138.6),
(52, 1833, 17, 143, 139.8),
(53, 1836, 17, 154, 148.5),
(54, 1837, 17, 156, 151.4),
(55, 1838, 17, 157, 152.5),
(56, 1841, 17, 161, 156.9),
(57, 1844, 17, 165, 163.6),
(58, 1845, 17, 166, 164.4),
(59, 1868, 17, 191, 169),
(60, 1869, 17, 192, 169.9),
(61, 1870, 17, 193, 171),
(62, 1871, 17, 194, 172),
(63, 1872, 17, 195, 172.9),
(64, 1873, 17, 196, 173.3),
(65, 1874, 17, 197, 174.1),
(66, 1875, 17, 198, 174.9),
(67, 1880, 17, 210, 186.5),
(68, 1882, 17, 215, 191.7),
(69, 1883, 17, 216, 192.3),
(70, 1885, 17, 221, 199.3),
(71, 1887, 17, 225, 203.8),
(72, 1888, 17, 226, 205.2),
(73, 1890, 17, 231, 210.2),
(74, 1891, 17, 232, 211.1),
(75, 1892, 17, 233, 211.8),
(76, 1894, 17, 237, 216.2),
(77, 1895, 17, 238, 219.1),
(78, 1896, 17, 239, 220.7),
(79, 1897, 17, 240, 221.3),
(80, 1898, 17, 241, 222.4),
(81, 1899, 17, 242, 224.1),
(82, 1901, 17, 245, 226.1),
(83, 1902, 17, 246, 229.1),
(84, 1903, 17, 247, 230.5),
(85, 1904, 17, 248, 231.7),
(86, 1905, 17, 249, 233),
(87, 1906, 17, 250, 234.4),
(88, 1907, 17, 251, 235),
(89, 1908, 17, 252, 236.2),
(90, 1909, 17, 253, 236.9);

-- --------------------------------------------------------

--
-- Table structure for table `texts`
--

CREATE TABLE `texts` (
  `id` int(11) NOT NULL,
  `title` varchar(50) DEFAULT NULL,
  `font` varchar(30) DEFAULT NULL,
  `body` text NOT NULL,
  `update_date` timestamp NOT NULL DEFAULT current_timestamp(),
  `class` varchar(20) DEFAULT NULL,
  `period` varchar(20) DEFAULT NULL,
  `outdated` tinyint(1) DEFAULT NULL
) ENGINE=InnoDB DEFAULT CHARSET=latin1;

--
-- Dumping data for table `texts`
--

INSERT INTO `texts` (`id`, `title`, `font`, `body`, `update_date`, `class`, `period`, `outdated`) VALUES
(1, 'La volpe e il boscaiolo', 'Arial', '                Una volpe, che fuggiva davanti ai cacciatori, giunse alla capanna di un taglialegna.\r\n                - Per pietà, nascondimi - chiese al taglialegna.\r\n                - Entra nella mia capanna - disse l\'uomo. - Appiattati in quel cantuccio.\r\n                Pochi istanti dopo arrivarono i cacciatori. Domandarono al taglialegna:\r\n                - Hai visto passare di qui una volpe?\r\n                - No - disse il boscaiolo - non ho visto passare di qui nessuna volpe.\r\n                E intanto con la mano faceva segno che si, la volpe l\'aveva vista e che anzi era lì, in quel cantuccio della capanna.\r\n                Ma i cacciatori badarono solo alle parole e non ai gesti, e si allontanarono a grandi passi.\r\n                La volpe li lasciò andare, poi uscì anch\'essa e si avviò, dalla parte opposta. L\'uomo fece l\'offeso:\r\n                - Come? Ti ho salvato e tu ne vai senza nemmeno ringraziare?\r\n                - Ti ringrazierei - rispose la volpe - e di cuore, se i tuoi gesti andassero d\'accordo con le tue parole.\r\n                E tirò via.\r\n', '2022-08-25 16:37:02', '2a', 'Inizio', 0),
(3, 'Alì salva la luna', 'Arial', '                Una volta verso sera, Alì andò a prendere acqua. Curvandosi sul pozzo, vide laggiù in fondo, nell\'acqua, la luna che si specchiava.\r\n                - Poveri noi - gridò Alì - la luna è caduta nel pozzo. Presto, presto, tiriamola fuori.\r\n                E corse a prendere corda e uncino.\r\n                Il bravo Alì si diede da fare per un bel pezzo, ma l\'uncino non riusciva ad acchiappare la luna per tirarla su. Alla fine Alì ebbe l\'impressione che l\'uncino avesse fatto presa e cominciò a tirare.\r\n                - Acciderba, se pesa ... - sospirava. E tirava con tutte le sue forze, puntando i piedi contro il parapetto del pozzo. A un tratto l\'uncino si staccò. Alì cadde sulla schiena, guardò in alto e vide la luna in mezzo al cielo.\r\n                - Dio sia lodato - esclamò Alì soddisfatto - mi sarò fatto qualche bernoccolo ma la luna è tornata al suo posto.\r\n', '2022-08-26 20:57:06', '2a', 'Inizio', 0),
(4, 'La storia di babbo natale', 'Arial', '                Babbo Natale con la slitta si avvicina alla città.\r\n                È notte fonda.\r\n                Nessuno lo vede. Tutti i bambini sono sotto le coperte a sognare.\r\n                Babbo Natale si ferma davanti alle case e prende il grande foglio dove sono scritti i nomi di tutti i bambini.\r\n                Poi entra nelle case e qui lascia il trenino, lì il carro dei pompieri, la cucinina, i burattini, e così via.\r\n', '2022-08-26 20:58:27', '1a', 'Inizio', 0),
(5, 'Il bruco e i gerani', 'Arial', '                La mamma di Gigi ha messo in casa i gerani, al riparo dal freddo. Un giorno trova un piccolo bruco verde, che mangia le foglie.\r\n                - Povere foglie! - dice la mamma.\r\n                - Povero bruco! - dice Gigi. - Che fine farà? Bisogna salvarlo.\r\n                Prepara un aeroplanino di cartae vi spinge sopra il bruco. \r\n                La mamma apre la finestra e Gigi fa volare l\'aereo. \r\n                - Speriamo che scenda nell\'erba del prato! - esclama. - Anche quella è buona da mangiare.\r\n', '2022-08-26 20:59:13', '1a', 'Fine', 0),
(6, 'L\'uomo che non riusciva a crescere', 'Arial', '                Una volta, presso una palude, viveva un uomo alto appena appena due spanne, e aspettava sempre di crescere, ma non cresceva mai.\r\n                Quando fu stanco di aspettare, decise di domandare consiglio alle creature più grandi di lui e andò dal saggio barbagianni.\r\n                - Tu che sei tanto saggio, mi sai dire che devo fare per diventare più alto?\r\n                - Aspetta, perché hai bisogno di diventare più alto?\r\n                - Per vedere più da lontano.\r\n                - Se vuoi vedere più da lontano, arrampicati su un albero. O forse non sei capace?\r\n                - Si, che sono capace. Però non mi era mai venuto in mente.\r\n                Il barbagianni socchiuse gli occhi e disse:\r\n                - Vedi. L\'uomo non ha bisogno di avere un gran corpo, ma un buon cervello. Chi ha intelletto è sempre grande e grosso abbastanza.\r\n', '2022-08-26 21:00:08', '2a', 'Inizio', 0),
(7, 'Il re Alfredo', 'Arial', '                mille e più anni or sono, in Inghilterra regnava un bravo re di nome Alfredo. \r\n                Egli fu il primo a costruire una grande flotta di navi a difesa dell\'Inghilterra, che, essendo un\'isola, è circondata da ogni parte dal mare.\r\n                Percorreva il paese senza scorta e senza seguito. E spèesso si intratteneva coi suoi sudditi, senza farsi riconoscere.\r\n                Un giorno arrivò alla casa d\'una povera donna e chiese il permesso di riposarsi. La donna lo fece sedere in cucina, in attesa che alcune focacce che erano nel forno fossero cotte. A un certo momento, la donna ebbe bisogno di andare al pozzo per attingere acqua.\r\n                Non vorrei però che le focacce si bruciassero - disse la donna, che nono sapeva con chi aveva a che fare. L\'uomo promise di sorvegliarle.\r\n                Ma appena la donna se ne fu andata, il re Alfredo, che aveva tanti pensieri, dimenticò la promessa e le focacce diventarono carbone.\r\n                Torna la donna e, sentendo puzzo di bruciato, rimprovera il re come se fosse stato un ragazzo scapato.\r\n                - Poco giudizio: - gli dice. - Non siete capace neppure di sorvegliare due focacce.\r\n                Il re Alfredo, punto dell\'amor proprio, tentò di scusarsi: - Io sono il re d\'Inghilterra, e quindi ho ben altri pensieri. La donna lo guardò con meraviglia. Poi senza scomporsi gli disse:\r\n                - Sta bee, voi sarete un re, ma in questo momento il vostro dovere era di sorvegliare che le focacce non si bruciassero.\r\n                - Avete ragione: - esclamò il re Alfredo. - E vi ringrazio della lezione. Ogni dovere va assolto bene, anche se piccolo. Da tutti, anche dai re\r\n', '2022-08-26 21:01:03', '3a', 'Fine', 0),
(8, 'La gatta zoppa', 'Arial', '                In un mattino d\'inverno mentre cadevano fiocchi di neve nel giardino ella mia casa di campagna apparve una gatta bianca e nera che zoppicava e chiedeva aiuto con gli occhi. \r\n                Venne fin sull\'uscio di casa e con la testa mi accarezzava le gambe e voleva a tutti i costi che mi accorgessi che aveva una zampa malata.\r\n                Ebbi compassione di quella povera gatta e le diedi un po\' di latte caldo ed un pezzetto di carne di pollo.\r\n                Dopo aver aver mangiato scomparve ed io rimasi a guardare la neve che imbiancava il prato.\r\n                Non passarono neanche tre minuti che la gatta zoppicando ricomparve da dietro l\'angolo della casa con gli occhi mesti e l\'andatura lenta.\r\n                Si avvicinò di nuovo per farsi accarezzare e poi tornò indietro come per cercare qualcosa.\r\n                Ricomparve con tre piccoli gattini infreddoliti uno dietro l\'altro e li portò vicino a me per farmeli vedere.\r\n                Avevano freddo e fame e diedi a loro il latte e la carne mentre la mamma, felice, li leccava per pulirli.\r\n                Misi tutta la famigliola in una cassetta con la lana e la portai al riparo nel ripostiglio con la legna.\r\n                La gatta, una volta al sicuro, non zoppicò più e continuò ad accarezzarmi le gambe con la sua testa.\r\n                Recitò tutta quella parte per commuovermi e per salvare i suoi gattini dal freddo.\r\n', '2022-08-26 21:02:21', '3a', 'Fine', 0),
(9, 'Il nanetto che voleva la pera', 'Arial', '                Sotto un piccolo abete rosso in un bosco viveva un nanetto non più grande di una pigna.\r\n                Quando venne l\'autunno il nostro omino si disse: - È tempo che vada a far provvista di pere per quando verrà l\'inverno.\r\n                Così il mattino dopo, il nanetto indossò la sua giacchettina, si mise in testa il berretto rosso, prese il sacco da montagna e si incamminò verso il villaggio.              \r\n                Il nanetto attraversò felicemente il bosco e il prato e arrivò al frutteto.\r\n                Là le pere gialle gli sorridevano invitanti dall\'albero. Ma ahimè, le pere erano in alto, e il nanetto in basso.\r\n                Il vento che danzava gaiamente sulla cima dell\'albero vide la difficoltà dell\'omino e gli gettò davanti ai piedi una delle pere più belle.\r\n                Il nanetto non stava più in sé dalla gioia, fece al vento un profondissimo inchino e disse:\r\n                - Grazie mille!\r\n                Poi ficcò la pera nel suo sacco da montagna, se lo mise sulle spalle e tornò a casa.\r\n                E che cosa pensate che ne abbia fatto, il nanetto, di quella pera? Ne mangiò una parte cruda, una parte ne fece marmellata, una parte la tagliò ben bene a pezzetti e la mise sotto zucchero per l\'inverno, e dal resto ne ricavò del sidro dolce.\r\n                E ne bevve tanto che il mondo cominciò a girargli intorno, al punto che il nanetto non sapeva più se a danzare erano gli alberi o era lui. Alla fine cadde al suolo stanco morto e si addormentò.\r\n', '2022-08-27 06:53:32', '2a', 'Fine', 0),
(10, 'Storia di uno sbadiglio', 'Arial', '                Un giorno una ragazzina portò a passeggio la sorellina in carrozzella. La sorellina era stanca, e sbadigliò, Allora anche alla ragazzina venne voglia di sbadigliare.\r\n                La donna del negozio di cappelli la vide e subito sbadigliò anche lei, e la gente alla fermata del tram e il giornalaio e il ciclista, tutti si misero a sbadigliare.\r\n                Arrivò il tram e il manovratore, vedendo tutte quelle bocche aperte, cominciò a sbadigliare e sbadigliare, e non riusciva a ripartire. Un camionista, che voleva sapere perché il tram stesse fermo per tanto tempo, si sporse dal finestrino e subito lo sbadiglio colse anche lui.\r\n                Gli altri automobilisti lo videro. Subito fermarono le automobili e sbadigliarono. Il vigile voleva suonare il fischietto perché tutti si decidessero a rimettersi in moto. Ma non riuscì a fischiare, perch*é venne voglia di sbadigliare anche a lui.\r\n                In breve tempo tutta la gente, tutti i cani e i gatti della città si misero a sbadigliare, anche lo spazzacamino sul tetto e persino i lombrichi nella terra! Per fortuna fu presto sera, e tutti andarono a dormire di buon\'ora.\r\n', '2022-08-27 06:54:48', '3a', 'Inizio', 0),
(11, 'La fiaba dello scoiattolo', 'Arial', '                C\'era una volta una bambina che cercava funghi nel bosco. Sotto un albero, vide uno scoiattolo piccolo piccolo con una grande coda soffice.\r\n                Lo scoiattolino non si mosse e non cercò di scappare. Tremava tutto, con gli occhietti chiusi.\r\n                - Povero scoiattolino - disse la bambina - forse è malato.\r\n                Si inginocchiò, si tolse il berretto di lana e lo mise intorno allo scoiattolino.\r\n                Il giorno dopo, lo scoiattolino era ancora là, dentro il berretto. La bambina gli mise vicino delle briciole di pane.\r\n                Il terzo giorno, lo scoiattolino era scomparso. Per terra c\'era il berretto di lana e nel mezzo brillava un anellino d\'oro.\r\n', '2022-08-27 06:55:45', '1a', 'Fine', 0),
(12, 'Il semaforo che si era stancato', 'Arial', '                Un giorno un semaforo, che si trovava ad un incrocio al centro della città si stancò. Era stufo di accendere sempre gli stessi tre colori: rosso, giallo, verde.      \r\n                - Esistono tanti altri bei colori - pensava - il blu il celeste, il bianco, il rosa, il marrone... perché non dovrei mai usarli?\r\n                Fu così che quel giorno, a quell\'incrocio, se ne videro davvero di tutti i colori.\r\n                Autisti e pedoni non capivano più nulla.\r\n                - Chi deve passare ora che il semaforo è blu? - chiedeva uno.\r\n                E un altro diceva: - Il grigio è per le auto o per i pedoni?\r\n                Finalmente, pedoni e autisti decisero di mettersi d\'accordo: col rosa sarebbero passate le donne, con l\'azzuro gli uomini, col bianco i bambini e col grigio le persone anziane; quanto alle automobili sarebbero passate con il lilla, mentre i camion sarebbero passati col marrone.\r\n                Mai a quell\'incrocio, il traffico era stato tanto rapido ed ordinato, e perfino divertente.\r\n                Si divertiva finalmente anche il semaforo.\r\n                Ma ad un tratto arrivò un vigile urbano che teneva molto al regolamento.\r\n                - Questo semaforo si è guastato - disse. - Corro subito a telefonare per farlo riparare.\r\n                A sentirlo, il nostro semaforo si arrabbiò moltissimo. E, messo il rosso da tutte le parti, non fece passare più nessuno.', '2022-08-27 06:56:40', '1a', 'Inizio', 0),
(13, 'La fiaba del tappeto', 'Arial', '                C\'era una volta un bambino molto piccolo e curioso. Un giorno, si fermò a guardare una scimmietta. Quando si girò non vide più, in mezzo alla folla, né il papà né la mamma.\r\n                Cammina cammina, non riusciva a trovarli. Allora si mise a piangere.\r\n                - Perché piangi? - gli chiese un vecchio che vendeva tappeti.\r\n                Il bambino gli disse che si era perduto.\r\n                - Vuoi tornare a casa? Siediti su questo tappeto. È un tappeto speciale, che non vendo a nessuno.\r\n                Il bambino si sedette. E il tappeto, che era magico, volò sopra il mercato, sopra la città e i campi, e atterrò proprio davanti alla sua casa.\r\n                Il bambino scese felice. Quando si voltò per ringraziare quel tappeto meraviglioso, lo vide già in alto nel cielo, e sempre più lontano. Il tappeto tornava dal suo padrone.\r\n', '2022-08-27 06:57:27', '2a', 'Inizio', 0),
(14, 'I topi campanari', 'Arial', '                C\'era una volta un vecchio campanile abbandonato, e nel vecchio campanile c\'erano molti topi.\r\n                Un giorno, dall\'alto, videro il campanaro che tirava una lunga fune e sentirono suonare la campana.\r\n                A certi topi la cosa sembrò molto bella. Quando il campanaro andò via, essi proposero agli altri di provare anche loro a suonare la campana.\r\n                - Si, si, suoniamo la campana! Diventeremo famosi tutti ci ammireranno! - dissero gli altri, e si attaccarono tutti alla fune.\r\n                La fune dondolava in qua e in là, ma la campana non suonava. I topi raddoppiarono i loro sforzi, e non si accorsero che il campanaro era tornato e stava anche lui tirando la fune.\r\n                La campana si mise a suonare.\r\n                Quando il campanaro se ne andò di nuovo e il suono cessò, i topi abbandonarono la corda e si abbracciarono felici tra loro.\r\n                - È stata una grande fatica, - dissero - ma ci siamo riusciti!\r\n                E si sparsero ai quattro venti per raccontare a tutti la loro impresa.\r\n', '2022-08-27 06:58:58', '2a', 'Fine', 0);

-- --------------------------------------------------------

--
-- Table structure for table `text_words`
--

CREATE TABLE `text_words` (
  `id` int(11) NOT NULL,
  `word` int(11) DEFAULT NULL,
  `position` int(11) NOT NULL,
  `text` int(11) NOT NULL,
  `row` int(11) NOT NULL
) ENGINE=InnoDB DEFAULT CHARSET=latin1;

--
-- Dumping data for table `text_words`
--

INSERT INTO `text_words` (`id`, `word`, `position`, `text`, `row`) VALUES
(1, 1, 1, 3, 1),
(2, 2, 2, 3, 1),
(3, 3, 3, 3, 1),
(4, 4, 4, 3, 1),
(5, 5, 5, 3, 1),
(6, 6, 6, 3, 1),
(7, 7, 7, 3, 1),
(8, 8, 8, 3, 1),
(9, 9, 9, 3, 1),
(10, 10, 10, 3, 1),
(11, 11, 11, 3, 1),
(12, 12, 12, 3, 1),
(13, 13, 13, 3, 1),
(14, 14, 14, 3, 1),
(15, 15, 15, 3, 1),
(16, 16, 16, 3, 1),
(17, 17, 17, 3, 1),
(18, 18, 18, 3, 1),
(19, 19, 19, 3, 1),
(20, 20, 20, 3, 1),
(21, 21, 21, 3, 1),
(22, 22, 22, 3, 1),
(23, 23, 23, 3, 2),
(24, 24, 24, 3, 2),
(25, 25, 25, 3, 2),
(26, 5, 26, 3, 2),
(27, 18, 27, 3, 2),
(28, 19, 28, 3, 2),
(29, 26, 29, 3, 2),
(30, 27, 30, 3, 2),
(31, 28, 31, 3, 2),
(32, 12, 32, 3, 2),
(33, 29, 33, 3, 2),
(34, 29, 34, 3, 2),
(35, 30, 35, 3, 2),
(36, 31, 36, 3, 2),
(37, 26, 37, 3, 3),
(38, 32, 38, 3, 3),
(39, 7, 39, 3, 3),
(40, 8, 40, 3, 3),
(41, 33, 41, 3, 3),
(42, 26, 42, 3, 3),
(43, 34, 43, 3, 3),
(44, 35, 44, 3, 4),
(45, 36, 45, 3, 4),
(46, 5, 46, 3, 4),
(47, 21, 47, 3, 4),
(48, 37, 48, 3, 4),
(49, 38, 49, 3, 4),
(50, 39, 50, 3, 4),
(51, 40, 51, 3, 4),
(52, 41, 52, 3, 4),
(53, 42, 53, 3, 4),
(54, 43, 54, 3, 4),
(55, 44, 55, 3, 4),
(56, 45, 56, 3, 4),
(57, 46, 57, 3, 4),
(58, 47, 58, 3, 4),
(59, 48, 59, 3, 4),
(60, 49, 60, 3, 4),
(61, 18, 61, 3, 4),
(62, 19, 62, 3, 4),
(63, 40, 63, 3, 4),
(64, 50, 64, 3, 4),
(65, 51, 65, 3, 4),
(66, 52, 66, 3, 4),
(67, 53, 67, 3, 4),
(68, 5, 68, 3, 4),
(69, 54, 69, 3, 4),
(70, 55, 70, 3, 4),
(71, 20, 71, 3, 4),
(72, 45, 72, 3, 4),
(73, 56, 73, 3, 4),
(74, 57, 74, 3, 4),
(75, 58, 75, 3, 4),
(76, 26, 76, 3, 4),
(77, 59, 77, 3, 4),
(78, 7, 78, 3, 4),
(79, 60, 79, 3, 4),
(80, 61, 80, 3, 5),
(81, 62, 81, 3, 5),
(82, 63, 82, 3, 5),
(83, 64, 83, 3, 5),
(84, 26, 84, 3, 5),
(85, 65, 85, 3, 5),
(86, 66, 86, 3, 5),
(87, 67, 87, 3, 5),
(88, 68, 88, 3, 5),
(89, 69, 89, 3, 5),
(90, 70, 90, 3, 5),
(91, 71, 91, 3, 5),
(92, 72, 92, 3, 5),
(93, 73, 93, 3, 5),
(94, 74, 94, 3, 5),
(95, 35, 95, 3, 5),
(96, 75, 96, 3, 5),
(97, 76, 97, 3, 5),
(98, 12, 98, 3, 5),
(99, 7, 99, 3, 5),
(100, 41, 100, 3, 5),
(101, 77, 101, 3, 5),
(102, 45, 102, 3, 5),
(103, 21, 103, 3, 5),
(104, 78, 104, 3, 5),
(105, 5, 105, 3, 5),
(106, 79, 106, 3, 5),
(107, 80, 107, 3, 5),
(108, 81, 108, 3, 5),
(109, 82, 109, 3, 5),
(110, 15, 110, 3, 5),
(111, 83, 111, 3, 5),
(112, 26, 112, 3, 5),
(113, 13, 113, 3, 5),
(114, 18, 114, 3, 5),
(115, 19, 115, 3, 5),
(116, 15, 116, 3, 5),
(117, 84, 117, 3, 5),
(118, 85, 118, 3, 5),
(119, 86, 119, 3, 5),
(120, 87, 120, 3, 6),
(121, 88, 121, 3, 6),
(122, 89, 122, 3, 6),
(123, 90, 123, 3, 6),
(124, 5, 124, 3, 6),
(125, 91, 125, 3, 6),
(126, 92, 126, 3, 6),
(127, 93, 127, 3, 6),
(128, 57, 128, 3, 6),
(129, 94, 129, 3, 6),
(130, 95, 130, 3, 6),
(131, 44, 131, 3, 6),
(132, 18, 132, 3, 6),
(133, 19, 133, 3, 6),
(134, 26, 134, 3, 6),
(135, 96, 135, 3, 6),
(136, 85, 136, 3, 6),
(137, 97, 137, 3, 6),
(138, 98, 138, 3, 6),
(139, 99, 1, 4, 1),
(140, 100, 2, 4, 1),
(141, 66, 3, 4, 1),
(142, 18, 4, 4, 1),
(143, 101, 5, 4, 1),
(144, 21, 6, 4, 1),
(145, 102, 7, 4, 1),
(146, 52, 8, 4, 1),
(147, 103, 9, 4, 1),
(148, 26, 10, 4, 2),
(149, 104, 11, 4, 2),
(150, 105, 12, 4, 2),
(151, 106, 13, 4, 3),
(152, 107, 14, 4, 3),
(153, 108, 15, 4, 3),
(154, 109, 16, 4, 3),
(155, 72, 17, 4, 3),
(156, 110, 18, 4, 3),
(157, 111, 19, 4, 3),
(158, 112, 20, 4, 3),
(159, 68, 21, 4, 3),
(160, 113, 22, 4, 3),
(161, 7, 23, 4, 3),
(162, 114, 24, 4, 3),
(163, 99, 25, 4, 4),
(164, 100, 26, 4, 4),
(165, 21, 27, 4, 4),
(166, 115, 28, 4, 4),
(167, 116, 29, 4, 4),
(168, 117, 30, 4, 4),
(169, 118, 31, 4, 4),
(170, 26, 32, 4, 4),
(171, 119, 33, 4, 4),
(172, 35, 34, 4, 4),
(173, 120, 35, 4, 4),
(174, 121, 36, 4, 4),
(175, 122, 37, 4, 4),
(176, 111, 38, 4, 4),
(177, 123, 39, 4, 4),
(178, 72, 40, 4, 4),
(179, 124, 41, 4, 4),
(180, 125, 42, 4, 4),
(181, 109, 43, 4, 4),
(182, 72, 44, 4, 4),
(183, 110, 45, 4, 4),
(184, 126, 46, 4, 5),
(185, 127, 47, 4, 5),
(186, 128, 48, 4, 5),
(187, 118, 49, 4, 5),
(188, 26, 50, 4, 5),
(189, 129, 51, 4, 5),
(190, 130, 52, 4, 5),
(191, 35, 53, 4, 5),
(192, 131, 54, 4, 5),
(193, 132, 55, 4, 5),
(194, 35, 56, 4, 5),
(195, 133, 57, 4, 5),
(196, 134, 58, 4, 5),
(197, 135, 59, 4, 5),
(198, 18, 60, 4, 5),
(199, 136, 61, 4, 5),
(200, 72, 62, 4, 5),
(201, 137, 63, 4, 5),
(202, 26, 64, 4, 5),
(203, 138, 65, 4, 5),
(204, 139, 66, 4, 5),
(205, 18, 1, 5, 1),
(206, 140, 2, 5, 1),
(207, 125, 3, 5, 1),
(208, 141, 4, 5, 1),
(209, 142, 5, 5, 1),
(210, 143, 6, 5, 1),
(211, 15, 7, 5, 1),
(212, 144, 8, 5, 1),
(213, 72, 9, 5, 1),
(214, 145, 10, 5, 1),
(215, 85, 11, 5, 1),
(216, 146, 12, 5, 1),
(217, 147, 13, 5, 1),
(218, 148, 14, 5, 1),
(219, 41, 15, 5, 1),
(220, 149, 16, 5, 1),
(221, 150, 17, 5, 1),
(222, 41, 18, 5, 1),
(223, 151, 19, 5, 1),
(224, 152, 20, 5, 1),
(225, 153, 21, 5, 1),
(226, 20, 22, 5, 1),
(227, 154, 23, 5, 1),
(228, 68, 24, 5, 1),
(229, 155, 25, 5, 1),
(230, 156, 26, 5, 2),
(231, 155, 27, 5, 2),
(232, 157, 28, 5, 2),
(233, 18, 29, 5, 2),
(234, 140, 30, 5, 2),
(235, 158, 31, 5, 3),
(236, 152, 32, 5, 3),
(237, 157, 33, 5, 3),
(238, 141, 34, 5, 3),
(239, 20, 35, 5, 3),
(240, 53, 36, 5, 3),
(241, 159, 37, 5, 3),
(242, 160, 38, 5, 3),
(243, 161, 39, 5, 3),
(244, 162, 40, 5, 4),
(245, 41, 41, 5, 4),
(246, 163, 42, 5, 4),
(247, 125, 43, 5, 4),
(248, 164, 44, 5, 4),
(249, 165, 45, 5, 4),
(250, 166, 46, 5, 4),
(251, 167, 47, 5, 4),
(252, 35, 48, 5, 4),
(253, 152, 49, 5, 4),
(254, 18, 50, 5, 5),
(255, 140, 51, 5, 5),
(256, 168, 52, 5, 5),
(257, 18, 53, 5, 5),
(258, 169, 54, 5, 5),
(259, 26, 55, 5, 5),
(260, 141, 56, 5, 5),
(261, 170, 57, 5, 5),
(262, 171, 58, 5, 5),
(263, 172, 59, 5, 5),
(264, 173, 60, 5, 6),
(265, 20, 61, 5, 6),
(266, 174, 62, 5, 6),
(267, 175, 63, 5, 6),
(268, 76, 64, 5, 6),
(269, 176, 65, 5, 6),
(270, 177, 66, 5, 6),
(271, 178, 67, 5, 6),
(272, 179, 68, 5, 6),
(273, 26, 69, 5, 6),
(274, 180, 70, 5, 6),
(275, 38, 71, 5, 6),
(276, 181, 72, 5, 6),
(277, 1, 1, 6, 1),
(278, 2, 2, 6, 1),
(279, 182, 3, 6, 1),
(280, 1, 4, 6, 1),
(281, 183, 5, 6, 1),
(282, 184, 6, 6, 1),
(283, 41, 7, 6, 1),
(284, 185, 8, 6, 1),
(285, 83, 9, 6, 1),
(286, 186, 10, 6, 1),
(287, 186, 11, 6, 1),
(288, 187, 12, 6, 1),
(289, 188, 13, 6, 1),
(290, 26, 14, 6, 1),
(291, 189, 15, 6, 1),
(292, 190, 16, 6, 1),
(293, 125, 17, 6, 1),
(294, 191, 18, 6, 1),
(295, 44, 19, 6, 1),
(296, 46, 20, 6, 1),
(297, 192, 21, 6, 1),
(298, 193, 22, 6, 1),
(299, 194, 23, 6, 2),
(300, 195, 24, 6, 2),
(301, 196, 25, 6, 2),
(302, 125, 26, 6, 2),
(303, 197, 27, 6, 2),
(304, 198, 28, 6, 2),
(305, 125, 29, 6, 2),
(306, 199, 30, 6, 2),
(307, 200, 31, 6, 2),
(308, 117, 32, 6, 2),
(309, 201, 33, 6, 2),
(310, 202, 34, 6, 2),
(311, 203, 35, 6, 2),
(312, 125, 36, 6, 2),
(313, 204, 37, 6, 2),
(314, 26, 38, 6, 2),
(315, 6, 39, 6, 2),
(316, 147, 40, 6, 2),
(317, 205, 41, 6, 2),
(318, 206, 42, 6, 2),
(319, 207, 43, 6, 3),
(320, 20, 44, 6, 3),
(321, 208, 45, 6, 3),
(322, 209, 46, 6, 3),
(323, 205, 47, 6, 3),
(324, 92, 48, 6, 3),
(325, 210, 49, 6, 3),
(326, 211, 50, 6, 3),
(327, 20, 51, 6, 3),
(328, 212, 52, 6, 3),
(329, 39, 53, 6, 3),
(330, 40, 54, 6, 3),
(331, 213, 55, 6, 3),
(332, 202, 56, 6, 3),
(333, 83, 57, 6, 3),
(334, 214, 58, 6, 4),
(335, 215, 59, 6, 4),
(336, 216, 60, 6, 4),
(337, 217, 61, 6, 4),
(338, 125, 62, 6, 4),
(339, 213, 63, 6, 4),
(340, 202, 64, 6, 4),
(341, 83, 65, 6, 4),
(342, 40, 66, 6, 5),
(343, 218, 67, 6, 5),
(344, 202, 68, 6, 5),
(345, 38, 69, 6, 5),
(346, 219, 70, 6, 5),
(347, 62, 71, 6, 6),
(348, 220, 72, 6, 6),
(349, 218, 73, 6, 6),
(350, 202, 74, 6, 6),
(351, 38, 75, 6, 6),
(352, 219, 76, 6, 6),
(353, 221, 77, 6, 6),
(354, 51, 78, 6, 6),
(355, 41, 79, 6, 6),
(356, 222, 80, 6, 6),
(357, 223, 81, 6, 6),
(358, 224, 82, 6, 6),
(359, 46, 83, 6, 6),
(360, 208, 84, 6, 6),
(361, 225, 85, 6, 6),
(362, 21, 86, 6, 7),
(363, 20, 87, 6, 7),
(364, 111, 88, 6, 7),
(365, 225, 89, 6, 7),
(366, 226, 90, 6, 7),
(367, 46, 91, 6, 7),
(368, 92, 92, 6, 7),
(369, 227, 93, 6, 7),
(370, 193, 94, 6, 7),
(371, 228, 95, 6, 7),
(372, 15, 96, 6, 7),
(373, 229, 97, 6, 7),
(374, 35, 98, 6, 8),
(375, 206, 99, 6, 8),
(376, 230, 100, 6, 8),
(377, 231, 101, 6, 8),
(378, 232, 102, 6, 8),
(379, 26, 103, 6, 8),
(380, 233, 104, 6, 8),
(381, 234, 105, 6, 9),
(382, 235, 106, 6, 9),
(383, 46, 107, 6, 9),
(384, 142, 108, 6, 9),
(385, 217, 109, 6, 9),
(386, 125, 110, 6, 9),
(387, 236, 111, 6, 9),
(388, 41, 112, 6, 9),
(389, 237, 113, 6, 9),
(390, 238, 114, 6, 9),
(391, 44, 115, 6, 9),
(392, 41, 116, 6, 9),
(393, 239, 117, 6, 9),
(394, 240, 118, 6, 9),
(395, 241, 119, 6, 9),
(396, 142, 120, 6, 9),
(397, 242, 121, 6, 9),
(398, 26, 122, 6, 9),
(399, 190, 123, 6, 9),
(400, 120, 124, 6, 9),
(401, 26, 125, 6, 9),
(402, 243, 126, 6, 9),
(403, 244, 127, 6, 9),
(404, 245, 1, 7, 1),
(405, 26, 2, 7, 1),
(406, 202, 3, 7, 1),
(407, 246, 4, 7, 1),
(408, 247, 5, 7, 1),
(409, 111, 6, 7, 1),
(410, 15, 7, 7, 1),
(411, 248, 8, 7, 1),
(412, 249, 9, 7, 1),
(413, 41, 10, 7, 1),
(414, 36, 11, 7, 1),
(415, 250, 12, 7, 1),
(416, 125, 13, 7, 1),
(417, 251, 14, 7, 1),
(418, 252, 15, 7, 1),
(419, 253, 16, 7, 2),
(420, 195, 17, 7, 2),
(421, 35, 18, 7, 2),
(422, 254, 19, 7, 2),
(423, 7, 20, 7, 2),
(424, 255, 21, 7, 2),
(425, 1, 22, 7, 2),
(426, 120, 23, 7, 2),
(427, 256, 24, 7, 2),
(428, 125, 25, 7, 2),
(429, 257, 26, 7, 2),
(430, 7, 27, 7, 2),
(431, 258, 28, 7, 2),
(432, 259, 29, 7, 2),
(433, 20, 30, 7, 2),
(434, 260, 31, 7, 2),
(435, 261, 32, 7, 2),
(436, 26, 33, 7, 2),
(437, 262, 34, 7, 2),
(438, 38, 35, 7, 2),
(439, 263, 36, 7, 2),
(440, 264, 37, 7, 2),
(441, 147, 38, 7, 2),
(442, 265, 39, 7, 2),
(443, 266, 40, 7, 3),
(444, 35, 41, 7, 3),
(445, 267, 42, 7, 3),
(446, 268, 43, 7, 3),
(447, 269, 44, 7, 3),
(448, 26, 45, 7, 3),
(449, 268, 46, 7, 3),
(450, 270, 47, 7, 3),
(451, 26, 48, 7, 3),
(452, 271, 49, 7, 3),
(453, 21, 50, 7, 3),
(454, 272, 51, 7, 3),
(455, 273, 52, 7, 3),
(456, 274, 53, 7, 3),
(457, 275, 54, 7, 3),
(458, 268, 55, 7, 3),
(459, 276, 56, 7, 3),
(460, 277, 57, 7, 3),
(461, 41, 58, 7, 4),
(462, 149, 59, 7, 4),
(463, 278, 60, 7, 4),
(464, 52, 61, 7, 4),
(465, 144, 62, 7, 4),
(466, 279, 63, 7, 4),
(467, 280, 64, 7, 4),
(468, 281, 65, 7, 4),
(469, 26, 66, 7, 4),
(470, 282, 67, 7, 4),
(471, 35, 68, 7, 4),
(472, 283, 69, 7, 4),
(473, 125, 70, 7, 4),
(474, 284, 71, 7, 4),
(475, 18, 72, 7, 4),
(476, 281, 73, 7, 4),
(477, 107, 74, 7, 4),
(478, 285, 75, 7, 4),
(479, 286, 76, 7, 4),
(480, 15, 77, 7, 4),
(481, 287, 78, 7, 4),
(482, 15, 79, 7, 4),
(483, 288, 80, 7, 4),
(484, 20, 81, 7, 4),
(485, 289, 82, 7, 4),
(486, 290, 83, 7, 4),
(487, 20, 84, 7, 4),
(488, 291, 85, 7, 4),
(489, 28, 86, 7, 4),
(490, 292, 87, 7, 4),
(491, 293, 88, 7, 4),
(492, 294, 89, 7, 4),
(493, 7, 90, 7, 4),
(494, 41, 91, 7, 4),
(495, 295, 92, 7, 4),
(496, 296, 93, 7, 4),
(497, 18, 94, 7, 4),
(498, 281, 95, 7, 4),
(499, 54, 96, 7, 4),
(500, 217, 97, 7, 4),
(501, 125, 98, 7, 4),
(502, 297, 99, 7, 4),
(503, 85, 100, 7, 4),
(504, 12, 101, 7, 4),
(505, 40, 102, 7, 4),
(506, 298, 103, 7, 4),
(507, 9, 104, 7, 4),
(508, 46, 105, 7, 5),
(509, 299, 106, 7, 5),
(510, 226, 107, 7, 5),
(511, 20, 108, 7, 5),
(512, 68, 109, 7, 5),
(513, 290, 110, 7, 5),
(514, 21, 111, 7, 5),
(515, 300, 112, 7, 5),
(516, 233, 113, 7, 5),
(517, 18, 114, 7, 5),
(518, 281, 115, 7, 5),
(519, 20, 116, 7, 5),
(520, 301, 117, 7, 5),
(521, 302, 118, 7, 5),
(522, 66, 119, 7, 5),
(523, 241, 120, 7, 5),
(524, 303, 121, 7, 5),
(525, 7, 122, 7, 5),
(526, 20, 123, 7, 5),
(527, 39, 124, 7, 5),
(528, 235, 125, 7, 5),
(529, 304, 126, 7, 5),
(530, 125, 127, 7, 5),
(531, 305, 128, 7, 5),
(532, 44, 129, 7, 6),
(533, 186, 130, 7, 6),
(534, 18, 131, 7, 6),
(535, 281, 132, 7, 6),
(536, 62, 133, 7, 6),
(537, 306, 134, 7, 6),
(538, 195, 135, 7, 6),
(539, 307, 136, 7, 6),
(540, 35, 137, 7, 6),
(541, 250, 138, 7, 6),
(542, 252, 139, 7, 6),
(543, 20, 140, 7, 6),
(544, 303, 141, 7, 6),
(545, 308, 142, 7, 6),
(546, 309, 143, 7, 6),
(547, 310, 144, 7, 6),
(548, 18, 145, 7, 6),
(549, 311, 146, 7, 6),
(550, 26, 147, 7, 6),
(551, 68, 148, 7, 6),
(552, 290, 149, 7, 6),
(553, 312, 150, 7, 6),
(554, 313, 151, 7, 6),
(555, 314, 152, 7, 7),
(556, 18, 153, 7, 7),
(557, 281, 154, 7, 7),
(558, 26, 155, 7, 7),
(559, 315, 156, 7, 7),
(560, 316, 157, 7, 7),
(561, 125, 158, 7, 7),
(562, 317, 159, 7, 7),
(563, 318, 160, 7, 7),
(564, 35, 161, 7, 7),
(565, 250, 162, 7, 7),
(566, 319, 163, 7, 7),
(567, 62, 164, 7, 7),
(568, 320, 165, 7, 7),
(569, 321, 166, 7, 7),
(570, 41, 167, 7, 7),
(571, 322, 168, 7, 7),
(572, 323, 169, 7, 7),
(573, 324, 170, 7, 8),
(574, 325, 171, 7, 8),
(575, 231, 172, 7, 8),
(576, 157, 173, 7, 8),
(577, 46, 174, 7, 8),
(578, 326, 175, 7, 8),
(579, 225, 176, 7, 8),
(580, 327, 177, 7, 8),
(581, 125, 178, 7, 8),
(582, 328, 179, 7, 8),
(583, 187, 180, 7, 8),
(584, 290, 181, 7, 8),
(585, 35, 182, 7, 9),
(586, 250, 183, 7, 9),
(587, 252, 184, 7, 9),
(588, 329, 185, 7, 9),
(589, 330, 186, 7, 9),
(590, 331, 187, 7, 9),
(591, 332, 188, 7, 9),
(592, 125, 189, 7, 9),
(593, 333, 190, 7, 9),
(594, 334, 191, 7, 9),
(595, 111, 192, 7, 9),
(596, 35, 193, 7, 9),
(597, 250, 194, 7, 9),
(598, 335, 195, 7, 9),
(599, 26, 196, 7, 9),
(600, 336, 197, 7, 9),
(601, 337, 198, 7, 9),
(602, 338, 199, 7, 9),
(603, 339, 200, 7, 9),
(604, 309, 201, 7, 9),
(605, 18, 202, 7, 9),
(606, 281, 203, 7, 9),
(607, 107, 204, 7, 9),
(608, 82, 205, 7, 9),
(609, 66, 206, 7, 9),
(610, 340, 207, 7, 9),
(611, 126, 208, 7, 9),
(612, 268, 209, 7, 9),
(613, 341, 210, 7, 9),
(614, 231, 211, 7, 9),
(615, 233, 212, 7, 9),
(616, 342, 213, 7, 10),
(617, 343, 214, 7, 10),
(618, 344, 215, 7, 10),
(619, 345, 216, 7, 10),
(620, 41, 217, 7, 10),
(621, 250, 218, 7, 10),
(622, 44, 219, 7, 10),
(623, 15, 220, 7, 10),
(624, 346, 221, 7, 10),
(625, 296, 222, 7, 10),
(626, 35, 223, 7, 10),
(627, 347, 224, 7, 10),
(628, 348, 225, 7, 10),
(629, 227, 226, 7, 10),
(630, 125, 227, 7, 10),
(631, 328, 228, 7, 10),
(632, 20, 229, 7, 10),
(633, 68, 230, 7, 10),
(634, 290, 231, 7, 10),
(635, 46, 232, 7, 10),
(636, 21, 233, 7, 10),
(637, 300, 234, 7, 10),
(638, 349, 235, 7, 11),
(639, 350, 236, 7, 11),
(640, 90, 237, 7, 11),
(641, 35, 238, 7, 11),
(642, 250, 239, 7, 11),
(643, 252, 240, 7, 11),
(644, 26, 241, 7, 11),
(645, 165, 242, 7, 11),
(646, 351, 243, 7, 11),
(647, 352, 244, 7, 11),
(648, 353, 245, 7, 11),
(649, 263, 246, 7, 11),
(650, 348, 247, 7, 11),
(651, 354, 248, 7, 11),
(652, 355, 249, 7, 11),
(653, 356, 250, 7, 11),
(654, 178, 251, 7, 11),
(655, 62, 252, 7, 11),
(656, 151, 253, 7, 11),
(657, 38, 254, 7, 11),
(658, 109, 255, 7, 11),
(659, 178, 256, 7, 11),
(660, 357, 257, 7, 11),
(661, 250, 258, 7, 11),
(662, 15, 1, 8, 1),
(663, 41, 2, 8, 1),
(664, 358, 3, 8, 1),
(665, 359, 4, 8, 1),
(666, 360, 5, 8, 1),
(667, 361, 6, 8, 1),
(668, 362, 7, 8, 1),
(669, 125, 8, 8, 1),
(670, 363, 9, 8, 1),
(671, 28, 10, 8, 1),
(672, 364, 11, 8, 1),
(673, 365, 12, 8, 1),
(674, 366, 13, 8, 1),
(675, 144, 14, 8, 1),
(676, 125, 15, 8, 1),
(677, 367, 16, 8, 1),
(678, 368, 17, 8, 1),
(679, 1, 18, 8, 1),
(680, 369, 19, 8, 1),
(681, 370, 20, 8, 1),
(682, 26, 21, 8, 1),
(683, 371, 22, 8, 1),
(684, 20, 23, 8, 1),
(685, 372, 24, 8, 1),
(686, 26, 25, 8, 1),
(687, 373, 26, 8, 1),
(688, 374, 27, 8, 1),
(689, 66, 28, 8, 1),
(690, 231, 29, 8, 1),
(691, 232, 30, 8, 1),
(692, 375, 31, 8, 2),
(693, 376, 32, 8, 2),
(694, 377, 33, 8, 2),
(695, 125, 34, 8, 2),
(696, 144, 35, 8, 2),
(697, 26, 36, 8, 2),
(698, 66, 37, 8, 2),
(699, 18, 38, 8, 2),
(700, 378, 39, 8, 2),
(701, 92, 40, 8, 2),
(702, 379, 41, 8, 2),
(703, 68, 42, 8, 2),
(704, 380, 43, 8, 2),
(705, 26, 44, 8, 2),
(706, 381, 45, 8, 2),
(707, 7, 46, 8, 2),
(708, 109, 47, 8, 2),
(709, 72, 48, 8, 2),
(710, 382, 49, 8, 2),
(711, 20, 50, 8, 2),
(712, 92, 51, 8, 2),
(713, 383, 52, 8, 2),
(714, 20, 53, 8, 2),
(715, 303, 54, 8, 2),
(716, 1, 55, 8, 2),
(717, 384, 56, 8, 2),
(718, 385, 57, 8, 2),
(719, 386, 58, 8, 3),
(720, 387, 59, 8, 3),
(721, 125, 60, 8, 3),
(722, 179, 61, 8, 3),
(723, 280, 62, 8, 3),
(724, 369, 63, 8, 3),
(725, 26, 64, 8, 3),
(726, 68, 65, 8, 3),
(727, 388, 66, 8, 3),
(728, 41, 67, 8, 3),
(729, 389, 68, 8, 3),
(730, 125, 69, 8, 3),
(731, 390, 70, 8, 3),
(732, 391, 71, 8, 3),
(733, 392, 72, 8, 3),
(734, 41, 73, 8, 3),
(735, 393, 74, 8, 3),
(736, 125, 75, 8, 3),
(737, 394, 76, 8, 3),
(738, 125, 77, 8, 3),
(739, 395, 78, 8, 3),
(740, 396, 79, 8, 4),
(741, 397, 80, 8, 4),
(742, 397, 81, 8, 4),
(743, 398, 82, 8, 4),
(744, 399, 83, 8, 4),
(745, 392, 84, 8, 4),
(746, 334, 85, 8, 4),
(747, 400, 86, 8, 4),
(748, 7, 87, 8, 4),
(749, 401, 88, 8, 4),
(750, 18, 89, 8, 4),
(751, 363, 90, 8, 4),
(752, 20, 91, 8, 4),
(753, 402, 92, 8, 4),
(754, 35, 93, 8, 4),
(755, 176, 94, 8, 4),
(756, 46, 95, 8, 5),
(757, 403, 96, 8, 5),
(758, 404, 97, 8, 5),
(759, 405, 98, 8, 5),
(760, 406, 99, 8, 5),
(761, 20, 100, 8, 5),
(762, 18, 101, 8, 5),
(763, 369, 102, 8, 5),
(764, 407, 103, 8, 5),
(765, 408, 104, 8, 5),
(766, 38, 105, 8, 5),
(767, 409, 106, 8, 5),
(768, 410, 107, 8, 5),
(769, 352, 108, 8, 5),
(770, 144, 109, 8, 5),
(771, 66, 110, 8, 5),
(772, 231, 111, 8, 5),
(773, 232, 112, 8, 5),
(774, 411, 113, 8, 5),
(775, 26, 114, 8, 5),
(776, 412, 115, 8, 5),
(777, 413, 116, 8, 5),
(778, 21, 117, 8, 6),
(779, 414, 118, 8, 6),
(780, 125, 119, 8, 6),
(781, 415, 120, 8, 6),
(782, 40, 121, 8, 6),
(783, 276, 122, 8, 6),
(784, 416, 123, 8, 6),
(785, 26, 124, 8, 6),
(786, 126, 125, 8, 6),
(787, 417, 126, 8, 6),
(788, 418, 127, 8, 6),
(789, 319, 128, 8, 6),
(790, 40, 129, 8, 6),
(791, 419, 130, 8, 6),
(792, 420, 131, 8, 6),
(793, 408, 132, 8, 7),
(794, 66, 133, 8, 7),
(795, 405, 134, 8, 7),
(796, 421, 135, 8, 7),
(797, 422, 136, 8, 7),
(798, 423, 137, 8, 7),
(799, 424, 138, 8, 7),
(800, 409, 139, 8, 7),
(801, 425, 140, 8, 7),
(802, 26, 141, 8, 7),
(803, 132, 142, 8, 7),
(804, 426, 143, 8, 7),
(805, 427, 144, 8, 7),
(806, 7, 145, 8, 7),
(807, 428, 146, 8, 7),
(808, 40, 147, 8, 7),
(809, 429, 148, 8, 7),
(810, 218, 149, 8, 7),
(811, 430, 150, 8, 8),
(812, 148, 151, 8, 8),
(813, 26, 152, 8, 8),
(814, 431, 153, 8, 8),
(815, 26, 154, 8, 8),
(816, 388, 155, 8, 8),
(817, 7, 156, 8, 8),
(818, 432, 157, 8, 8),
(819, 35, 158, 8, 8),
(820, 390, 159, 8, 8),
(821, 26, 160, 8, 8),
(822, 18, 161, 8, 8),
(823, 394, 162, 8, 8),
(824, 360, 163, 8, 8),
(825, 18, 164, 8, 8),
(826, 140, 165, 8, 8),
(827, 433, 166, 8, 8),
(828, 132, 167, 8, 8),
(829, 434, 168, 8, 8),
(830, 40, 169, 8, 8),
(831, 435, 170, 8, 8),
(832, 436, 171, 8, 9),
(833, 437, 172, 8, 9),
(834, 18, 173, 8, 9),
(835, 438, 174, 8, 9),
(836, 15, 175, 8, 9),
(837, 1, 176, 8, 9),
(838, 439, 177, 8, 9),
(839, 66, 178, 8, 9),
(840, 18, 179, 8, 9),
(841, 440, 180, 8, 9),
(842, 26, 181, 8, 9),
(843, 18, 182, 8, 9),
(844, 441, 183, 8, 9),
(845, 85, 184, 8, 9),
(846, 146, 185, 8, 9),
(847, 28, 186, 8, 9),
(848, 442, 187, 8, 9),
(849, 66, 188, 8, 9),
(850, 18, 189, 8, 9),
(851, 443, 190, 8, 9),
(852, 18, 191, 8, 10),
(853, 369, 192, 8, 10),
(854, 1, 193, 8, 10),
(855, 2, 194, 8, 10),
(856, 85, 195, 8, 10),
(857, 444, 196, 8, 10),
(858, 46, 197, 8, 10),
(859, 445, 198, 8, 10),
(860, 202, 199, 8, 10),
(861, 26, 200, 8, 10),
(862, 446, 201, 8, 10),
(863, 48, 202, 8, 10),
(864, 447, 203, 8, 10),
(865, 68, 204, 8, 10),
(866, 380, 205, 8, 10),
(867, 66, 206, 8, 10),
(868, 18, 207, 8, 10),
(869, 448, 208, 8, 10),
(870, 378, 209, 8, 10),
(871, 449, 210, 8, 11),
(872, 437, 211, 8, 11),
(873, 179, 212, 8, 11),
(874, 264, 213, 8, 11),
(875, 40, 214, 8, 11),
(876, 450, 215, 8, 11),
(877, 26, 216, 8, 11),
(878, 40, 217, 8, 11),
(879, 451, 218, 8, 11),
(880, 72, 219, 8, 11),
(881, 274, 220, 8, 11),
(882, 422, 221, 8, 11),
(883, 147, 222, 8, 11),
(884, 148, 223, 8, 11),
(885, 112, 1, 9, 1),
(886, 41, 2, 9, 1),
(887, 151, 3, 9, 1),
(888, 452, 4, 9, 1),
(889, 453, 5, 9, 1),
(890, 15, 6, 9, 1),
(891, 41, 7, 9, 1),
(892, 454, 8, 9, 1),
(893, 184, 9, 9, 1),
(894, 41, 10, 9, 1),
(895, 455, 11, 9, 1),
(896, 46, 12, 9, 1),
(897, 202, 13, 9, 1),
(898, 120, 14, 9, 1),
(899, 125, 15, 9, 1),
(900, 1, 16, 9, 1),
(901, 456, 17, 9, 1),
(902, 194, 18, 9, 2),
(903, 375, 19, 9, 2),
(904, 457, 20, 9, 2),
(905, 35, 21, 9, 2),
(906, 458, 22, 9, 2),
(907, 459, 23, 9, 2),
(908, 21, 24, 9, 2),
(909, 233, 25, 9, 2),
(910, 26, 26, 9, 2),
(911, 460, 27, 9, 2),
(912, 20, 28, 9, 2),
(913, 461, 29, 9, 2),
(914, 7, 30, 9, 2),
(915, 462, 31, 9, 2),
(916, 463, 32, 9, 2),
(917, 125, 33, 9, 2),
(918, 464, 34, 9, 2),
(919, 40, 35, 9, 2),
(920, 194, 36, 9, 2),
(921, 465, 37, 9, 2),
(922, 466, 38, 9, 2),
(923, 138, 39, 9, 3),
(924, 35, 40, 9, 3),
(925, 358, 41, 9, 3),
(926, 396, 42, 9, 3),
(927, 35, 43, 9, 3),
(928, 455, 44, 9, 3),
(929, 467, 45, 9, 3),
(930, 18, 46, 9, 3),
(931, 448, 47, 9, 3),
(932, 468, 48, 9, 3),
(933, 21, 49, 9, 3),
(934, 469, 50, 9, 3),
(935, 15, 51, 9, 3),
(936, 378, 52, 9, 3),
(937, 35, 53, 9, 3),
(938, 470, 54, 9, 3),
(939, 453, 55, 9, 3),
(940, 471, 56, 9, 3),
(941, 35, 57, 9, 3),
(942, 472, 58, 9, 3),
(943, 38, 59, 9, 3),
(944, 473, 60, 9, 3),
(945, 26, 61, 9, 3),
(946, 21, 62, 9, 3),
(947, 474, 63, 9, 3),
(948, 3, 64, 9, 3),
(949, 35, 65, 9, 3),
(950, 475, 66, 9, 3),
(951, 35, 67, 9, 4),
(952, 455, 68, 9, 4),
(953, 476, 69, 9, 4),
(954, 477, 70, 9, 4),
(955, 35, 71, 9, 4),
(956, 454, 72, 9, 4),
(957, 26, 73, 9, 4),
(958, 35, 74, 9, 4),
(959, 176, 75, 9, 4),
(960, 26, 76, 9, 4),
(961, 278, 77, 9, 4),
(962, 85, 78, 9, 4),
(963, 478, 79, 9, 4),
(964, 18, 80, 9, 5),
(965, 68, 81, 9, 5),
(966, 464, 82, 9, 5),
(967, 479, 83, 9, 5),
(968, 231, 84, 9, 5),
(969, 480, 85, 9, 5),
(970, 481, 86, 9, 5),
(971, 482, 87, 9, 5),
(972, 44, 88, 9, 5),
(973, 483, 89, 9, 5),
(974, 68, 90, 9, 5),
(975, 464, 91, 9, 5),
(976, 291, 92, 9, 5),
(977, 15, 93, 9, 5),
(978, 83, 94, 9, 5),
(979, 26, 95, 9, 5),
(980, 35, 96, 9, 5),
(981, 455, 97, 9, 5),
(982, 15, 98, 9, 5),
(983, 484, 99, 9, 5),
(984, 35, 100, 9, 6),
(985, 485, 101, 9, 6),
(986, 20, 102, 9, 6),
(987, 486, 103, 9, 6),
(988, 487, 104, 9, 6),
(989, 80, 105, 9, 6),
(990, 488, 106, 9, 6),
(991, 489, 107, 9, 6),
(992, 13, 108, 9, 6),
(993, 18, 109, 9, 6),
(994, 490, 110, 9, 6),
(995, 491, 111, 9, 6),
(996, 26, 112, 9, 6),
(997, 231, 113, 9, 6),
(998, 492, 114, 9, 6),
(999, 116, 115, 9, 6),
(1000, 493, 116, 9, 6),
(1001, 73, 117, 9, 6),
(1002, 1, 118, 9, 6),
(1003, 494, 119, 9, 6),
(1004, 464, 120, 9, 6),
(1005, 202, 121, 9, 6),
(1006, 495, 122, 9, 6),
(1007, 35, 123, 9, 7),
(1008, 455, 124, 9, 7),
(1009, 46, 125, 9, 7),
(1010, 496, 126, 9, 7),
(1011, 202, 127, 9, 7),
(1012, 15, 128, 9, 7),
(1013, 62, 129, 9, 7),
(1014, 497, 130, 9, 7),
(1015, 498, 131, 9, 7),
(1016, 285, 132, 9, 7),
(1017, 85, 133, 9, 7),
(1018, 485, 134, 9, 7),
(1019, 41, 135, 9, 7),
(1020, 499, 136, 9, 7),
(1021, 500, 137, 9, 7),
(1022, 26, 138, 9, 7),
(1023, 233, 139, 9, 7),
(1024, 501, 140, 9, 8),
(1025, 245, 141, 9, 8),
(1026, 126, 142, 9, 9),
(1027, 502, 143, 9, 9),
(1028, 18, 144, 9, 9),
(1029, 503, 145, 9, 9),
(1030, 28, 146, 9, 9),
(1031, 97, 147, 9, 9),
(1032, 472, 148, 9, 9),
(1033, 38, 149, 9, 9),
(1034, 473, 150, 9, 9),
(1035, 62, 151, 9, 9),
(1036, 107, 152, 9, 9),
(1037, 469, 153, 9, 9),
(1038, 504, 154, 9, 9),
(1039, 505, 155, 9, 9),
(1040, 26, 156, 9, 9),
(1041, 417, 157, 9, 9),
(1042, 7, 158, 9, 9),
(1043, 144, 159, 9, 9),
(1044, 26, 160, 9, 10),
(1045, 20, 161, 9, 10),
(1046, 506, 162, 9, 10),
(1047, 507, 163, 9, 10),
(1048, 20, 164, 9, 10),
(1049, 306, 165, 9, 10),
(1050, 508, 166, 9, 10),
(1051, 57, 167, 9, 10),
(1052, 35, 168, 9, 10),
(1053, 455, 169, 9, 10),
(1054, 125, 170, 9, 10),
(1055, 179, 171, 9, 10),
(1056, 503, 172, 9, 10),
(1057, 306, 173, 9, 10),
(1058, 509, 174, 9, 10),
(1059, 1, 175, 9, 10),
(1060, 264, 176, 9, 10),
(1061, 510, 177, 9, 10),
(1062, 1, 178, 9, 10),
(1063, 264, 179, 9, 10),
(1064, 306, 180, 9, 10),
(1065, 285, 181, 9, 10),
(1066, 511, 182, 9, 10),
(1067, 1, 183, 9, 10),
(1068, 264, 184, 9, 10),
(1069, 18, 185, 9, 10),
(1070, 512, 186, 9, 10),
(1071, 338, 187, 9, 10),
(1072, 356, 188, 9, 10),
(1073, 7, 189, 9, 10),
(1074, 513, 190, 9, 10),
(1075, 26, 191, 9, 10),
(1076, 18, 192, 9, 10),
(1077, 469, 193, 9, 10),
(1078, 112, 194, 9, 10),
(1079, 514, 195, 9, 10),
(1080, 40, 196, 9, 10),
(1081, 466, 197, 9, 10),
(1082, 26, 198, 9, 10),
(1083, 147, 199, 9, 10),
(1084, 515, 200, 9, 10),
(1085, 306, 201, 9, 10),
(1086, 516, 202, 9, 10),
(1087, 76, 203, 9, 10),
(1088, 517, 204, 9, 10),
(1089, 518, 205, 9, 10),
(1090, 26, 206, 9, 11),
(1091, 306, 207, 9, 11),
(1092, 519, 208, 9, 11),
(1093, 209, 209, 9, 11),
(1094, 20, 210, 9, 11),
(1095, 35, 211, 9, 11),
(1096, 520, 212, 9, 11),
(1097, 59, 213, 9, 11),
(1098, 7, 214, 9, 11),
(1099, 521, 215, 9, 11),
(1100, 522, 216, 9, 11),
(1101, 85, 217, 9, 11),
(1102, 329, 218, 9, 11),
(1103, 20, 219, 9, 11),
(1104, 35, 220, 9, 11),
(1105, 455, 221, 9, 11),
(1106, 46, 222, 9, 11),
(1107, 302, 223, 9, 11),
(1108, 202, 224, 9, 11),
(1109, 62, 225, 9, 11),
(1110, 7, 226, 9, 11),
(1111, 523, 227, 9, 11),
(1112, 291, 228, 9, 11),
(1113, 231, 229, 9, 11),
(1114, 524, 230, 9, 11),
(1115, 223, 231, 9, 11),
(1116, 227, 232, 9, 11),
(1117, 204, 233, 9, 11),
(1118, 52, 234, 9, 11),
(1119, 53, 235, 9, 11),
(1120, 79, 236, 9, 11),
(1121, 85, 237, 9, 11),
(1122, 525, 238, 9, 11),
(1123, 196, 239, 9, 11),
(1124, 526, 240, 9, 11),
(1125, 26, 241, 9, 11),
(1126, 21, 242, 9, 11),
(1127, 527, 243, 9, 11),
(1128, 41, 1, 10, 1),
(1129, 149, 2, 10, 1),
(1130, 1, 3, 10, 1),
(1131, 528, 4, 10, 1),
(1132, 426, 5, 10, 1),
(1133, 7, 6, 10, 1),
(1134, 529, 7, 10, 1),
(1135, 18, 8, 10, 1),
(1136, 530, 9, 10, 1),
(1137, 15, 10, 10, 1),
(1138, 531, 11, 10, 1),
(1139, 18, 12, 10, 1),
(1140, 530, 13, 10, 1),
(1141, 227, 14, 10, 1),
(1142, 532, 15, 10, 1),
(1143, 26, 16, 10, 1),
(1144, 533, 17, 10, 1),
(1145, 534, 18, 10, 1),
(1146, 178, 19, 10, 1),
(1147, 52, 20, 10, 1),
(1148, 528, 21, 10, 1),
(1149, 375, 22, 10, 1),
(1150, 535, 23, 10, 1),
(1151, 125, 24, 10, 1),
(1152, 536, 25, 10, 1),
(1153, 18, 26, 10, 2),
(1154, 281, 27, 10, 2),
(1155, 76, 28, 10, 2),
(1156, 537, 29, 10, 2),
(1157, 125, 30, 10, 2),
(1158, 538, 31, 10, 2),
(1159, 18, 32, 10, 2),
(1160, 13, 33, 10, 2),
(1161, 26, 34, 10, 2),
(1162, 539, 35, 10, 2),
(1163, 533, 36, 10, 2),
(1164, 178, 37, 10, 2),
(1165, 540, 38, 10, 2),
(1166, 26, 39, 10, 2),
(1167, 18, 40, 10, 2),
(1168, 541, 41, 10, 2),
(1169, 52, 42, 10, 2),
(1170, 542, 43, 10, 2),
(1171, 76, 44, 10, 2),
(1172, 543, 45, 10, 2),
(1173, 26, 46, 10, 2),
(1174, 35, 47, 10, 2),
(1175, 544, 48, 10, 2),
(1176, 26, 49, 10, 2),
(1177, 35, 50, 10, 2),
(1178, 545, 51, 10, 2),
(1179, 109, 52, 10, 2),
(1180, 21, 53, 10, 2),
(1181, 546, 54, 10, 2),
(1182, 7, 55, 10, 2),
(1183, 536, 56, 10, 2),
(1184, 278, 57, 10, 3),
(1185, 35, 58, 10, 3),
(1186, 543, 59, 10, 3),
(1187, 26, 60, 10, 3),
(1188, 35, 61, 10, 3),
(1189, 547, 62, 10, 3),
(1190, 548, 63, 10, 3),
(1191, 67, 64, 10, 3),
(1192, 549, 65, 10, 3),
(1193, 550, 66, 10, 3),
(1194, 551, 67, 10, 3),
(1195, 59, 68, 10, 3),
(1196, 7, 69, 10, 3),
(1197, 536, 70, 10, 3),
(1198, 26, 71, 10, 3),
(1199, 536, 72, 10, 3),
(1200, 26, 73, 10, 3),
(1201, 46, 74, 10, 3),
(1202, 47, 75, 10, 3),
(1203, 7, 76, 10, 3),
(1204, 552, 77, 10, 3),
(1205, 41, 78, 10, 3),
(1206, 553, 79, 10, 3),
(1207, 20, 80, 10, 3),
(1208, 381, 81, 10, 3),
(1209, 554, 82, 10, 3),
(1210, 215, 83, 10, 3),
(1211, 35, 84, 10, 3),
(1212, 543, 85, 10, 3),
(1213, 555, 86, 10, 3),
(1214, 556, 87, 10, 3),
(1215, 40, 88, 10, 3),
(1216, 209, 89, 10, 3),
(1217, 460, 90, 10, 3),
(1218, 21, 91, 10, 3),
(1219, 557, 92, 10, 3),
(1220, 147, 93, 10, 3),
(1221, 558, 94, 10, 3),
(1222, 26, 95, 10, 3),
(1223, 539, 96, 10, 3),
(1224, 107, 97, 10, 3),
(1225, 533, 98, 10, 3),
(1226, 559, 99, 10, 3),
(1227, 178, 100, 10, 3),
(1228, 204, 101, 10, 3),
(1229, 231, 102, 10, 4),
(1230, 339, 103, 10, 4),
(1231, 560, 104, 10, 4),
(1232, 107, 105, 10, 4),
(1233, 561, 106, 10, 4),
(1234, 539, 107, 10, 4),
(1235, 562, 108, 10, 4),
(1236, 68, 109, 10, 4),
(1237, 563, 110, 10, 4),
(1238, 26, 111, 10, 4),
(1239, 564, 112, 10, 4),
(1240, 35, 113, 10, 4),
(1241, 565, 114, 10, 4),
(1242, 381, 115, 10, 4),
(1243, 566, 116, 10, 4),
(1244, 35, 117, 10, 4),
(1245, 567, 118, 10, 4),
(1246, 215, 119, 10, 4),
(1247, 109, 120, 10, 4),
(1248, 21, 121, 10, 4),
(1249, 568, 122, 10, 4),
(1250, 7, 123, 10, 4),
(1251, 569, 124, 10, 4),
(1252, 15, 125, 10, 4),
(1253, 570, 126, 10, 4),
(1254, 44, 127, 10, 4),
(1255, 46, 128, 10, 4),
(1256, 571, 129, 10, 4),
(1257, 7, 130, 10, 4),
(1258, 572, 131, 10, 4),
(1259, 215, 132, 10, 4),
(1260, 375, 133, 10, 4),
(1261, 535, 134, 10, 4),
(1262, 125, 135, 10, 4),
(1263, 536, 136, 10, 4),
(1264, 178, 137, 10, 4),
(1265, 7, 138, 10, 4),
(1266, 204, 139, 10, 4),
(1267, 15, 140, 10, 5),
(1268, 573, 141, 10, 5),
(1269, 460, 142, 10, 5),
(1270, 437, 143, 10, 5),
(1271, 18, 144, 10, 5),
(1272, 541, 145, 10, 5),
(1273, 109, 146, 10, 5),
(1274, 72, 147, 10, 5),
(1275, 574, 148, 10, 5),
(1276, 26, 149, 10, 5),
(1277, 72, 150, 10, 5),
(1278, 575, 151, 10, 5),
(1279, 352, 152, 10, 5),
(1280, 103, 153, 10, 5),
(1281, 21, 154, 10, 5),
(1282, 546, 155, 10, 5),
(1283, 7, 156, 10, 5),
(1284, 536, 157, 10, 5),
(1285, 178, 158, 10, 5),
(1286, 107, 159, 10, 5),
(1287, 576, 160, 10, 5),
(1288, 11, 161, 10, 5),
(1289, 577, 162, 10, 5),
(1290, 26, 163, 10, 5),
(1291, 578, 164, 10, 5),
(1292, 72, 165, 10, 5),
(1293, 579, 166, 10, 5),
(1294, 580, 167, 10, 5),
(1295, 581, 168, 10, 5),
(1296, 40, 169, 10, 5),
(1297, 582, 170, 10, 5),
(1298, 195, 171, 10, 5),
(1299, 29, 172, 10, 5),
(1300, 4, 173, 10, 5),
(1301, 26, 174, 10, 5),
(1302, 109, 175, 10, 5),
(1303, 583, 176, 10, 5),
(1304, 7, 177, 10, 5),
(1305, 584, 178, 10, 5),
(1306, 125, 179, 10, 5),
(1307, 585, 180, 10, 5),
(1308, 586, 1, 11, 1),
(1309, 1, 2, 11, 1),
(1310, 2, 3, 11, 1),
(1311, 1, 4, 11, 1),
(1312, 587, 5, 11, 1),
(1313, 20, 6, 11, 1),
(1314, 588, 7, 11, 1),
(1315, 589, 8, 11, 1),
(1316, 28, 9, 11, 1),
(1317, 454, 10, 11, 1),
(1318, 112, 11, 11, 1),
(1319, 41, 12, 11, 1),
(1320, 222, 13, 11, 1),
(1321, 13, 14, 11, 1),
(1322, 424, 15, 11, 1),
(1323, 590, 16, 11, 1),
(1324, 151, 17, 11, 1),
(1325, 151, 18, 11, 1),
(1326, 66, 19, 11, 1),
(1327, 1, 20, 11, 1),
(1328, 120, 21, 11, 1),
(1329, 591, 22, 11, 1),
(1330, 592, 23, 11, 1),
(1331, 107, 24, 11, 2),
(1332, 593, 25, 11, 2),
(1333, 46, 26, 11, 2),
(1334, 21, 27, 11, 2),
(1335, 594, 28, 11, 2),
(1336, 26, 29, 11, 2),
(1337, 46, 30, 11, 2),
(1338, 595, 31, 11, 2),
(1339, 125, 32, 11, 2),
(1340, 596, 33, 11, 2),
(1341, 597, 34, 11, 2),
(1342, 598, 35, 11, 2),
(1343, 66, 36, 11, 2),
(1344, 231, 37, 11, 2),
(1345, 599, 38, 11, 2),
(1346, 600, 39, 11, 2),
(1347, 158, 40, 11, 3),
(1348, 593, 41, 11, 3),
(1349, 233, 42, 11, 3),
(1350, 18, 43, 11, 3),
(1351, 587, 44, 11, 3),
(1352, 224, 45, 11, 3),
(1353, 26, 46, 11, 3),
(1354, 601, 47, 11, 3),
(1355, 21, 48, 11, 4),
(1356, 602, 49, 11, 4),
(1357, 21, 50, 11, 4),
(1358, 603, 51, 11, 4),
(1359, 35, 52, 11, 4),
(1360, 470, 53, 11, 4),
(1361, 125, 54, 11, 4),
(1362, 440, 55, 11, 4),
(1363, 26, 56, 11, 4),
(1364, 107, 57, 11, 4),
(1365, 469, 58, 11, 4),
(1366, 522, 59, 11, 4),
(1367, 604, 60, 11, 4),
(1368, 593, 61, 11, 4),
(1369, 35, 62, 11, 5),
(1370, 149, 63, 11, 5),
(1371, 396, 64, 11, 5),
(1372, 107, 65, 11, 5),
(1373, 593, 66, 11, 5),
(1374, 227, 67, 11, 5),
(1375, 605, 68, 11, 5),
(1376, 18, 69, 11, 5),
(1377, 606, 70, 11, 5),
(1378, 35, 71, 11, 5),
(1379, 470, 72, 11, 5),
(1380, 18, 73, 11, 5),
(1381, 587, 74, 11, 5),
(1382, 231, 75, 11, 5),
(1383, 469, 76, 11, 5),
(1384, 427, 77, 11, 5),
(1385, 494, 78, 11, 5),
(1386, 607, 79, 11, 5),
(1387, 125, 80, 11, 5),
(1388, 608, 81, 11, 5),
(1389, 35, 82, 11, 6),
(1390, 609, 83, 11, 6),
(1391, 149, 84, 11, 6),
(1392, 107, 85, 11, 6),
(1393, 593, 86, 11, 6),
(1394, 227, 87, 11, 6),
(1395, 610, 88, 11, 6),
(1396, 40, 89, 11, 6),
(1397, 581, 90, 11, 6),
(1398, 586, 91, 11, 6),
(1399, 35, 92, 11, 6),
(1400, 470, 93, 11, 6),
(1401, 125, 94, 11, 6),
(1402, 440, 95, 11, 6),
(1403, 26, 96, 11, 6),
(1404, 28, 97, 11, 6),
(1405, 84, 98, 11, 6),
(1406, 611, 99, 11, 6),
(1407, 41, 100, 11, 6),
(1408, 612, 101, 11, 6),
(1409, 613, 102, 11, 6),
(1410, 41, 1, 12, 1),
(1411, 149, 2, 12, 1),
(1412, 41, 3, 12, 1),
(1413, 614, 4, 12, 1),
(1414, 20, 5, 12, 1),
(1415, 21, 6, 12, 1),
(1416, 615, 7, 12, 1),
(1417, 48, 8, 12, 1),
(1418, 41, 9, 12, 1),
(1419, 616, 10, 12, 1),
(1420, 85, 11, 12, 1),
(1421, 617, 12, 12, 1),
(1422, 352, 13, 12, 1),
(1423, 103, 14, 12, 1),
(1424, 21, 15, 12, 1),
(1425, 196, 16, 12, 1),
(1426, 227, 17, 12, 1),
(1427, 618, 18, 12, 1),
(1428, 125, 19, 12, 1),
(1429, 619, 20, 12, 1),
(1430, 190, 21, 12, 1),
(1431, 231, 22, 12, 1),
(1432, 620, 23, 12, 1),
(1433, 405, 24, 12, 1),
(1434, 621, 25, 12, 1),
(1435, 453, 26, 12, 1),
(1436, 622, 27, 12, 1),
(1437, 153, 28, 12, 1),
(1438, 623, 29, 12, 2),
(1439, 308, 30, 12, 2),
(1440, 339, 31, 12, 2),
(1441, 624, 32, 12, 2),
(1442, 621, 33, 12, 2),
(1443, 625, 34, 12, 2),
(1444, 35, 35, 12, 2),
(1445, 626, 36, 12, 2),
(1446, 35, 37, 12, 2),
(1447, 627, 38, 12, 2),
(1448, 35, 39, 12, 2),
(1449, 628, 40, 12, 2),
(1450, 35, 41, 12, 2),
(1451, 629, 42, 12, 2),
(1452, 35, 43, 12, 2),
(1453, 630, 44, 12, 2),
(1454, 215, 45, 12, 2),
(1455, 46, 46, 12, 2),
(1456, 631, 47, 12, 2),
(1457, 193, 48, 12, 2),
(1458, 632, 49, 12, 2),
(1459, 195, 50, 12, 3),
(1460, 138, 51, 12, 3),
(1461, 20, 52, 12, 3),
(1462, 633, 53, 12, 3),
(1463, 149, 54, 12, 3),
(1464, 7, 55, 12, 3),
(1465, 634, 56, 12, 3),
(1466, 62, 57, 12, 3),
(1467, 306, 58, 12, 3),
(1468, 561, 59, 12, 3),
(1469, 635, 60, 12, 3),
(1470, 125, 61, 12, 3),
(1471, 109, 62, 12, 3),
(1472, 72, 63, 12, 3),
(1473, 621, 64, 12, 3),
(1474, 636, 65, 12, 4),
(1475, 26, 66, 12, 4),
(1476, 637, 67, 12, 4),
(1477, 46, 68, 12, 4),
(1478, 638, 69, 12, 4),
(1479, 202, 70, 12, 4),
(1480, 639, 71, 12, 4),
(1481, 241, 72, 12, 5),
(1482, 640, 73, 12, 5),
(1483, 641, 74, 12, 5),
(1484, 642, 75, 12, 5),
(1485, 20, 76, 12, 5),
(1486, 35, 77, 12, 5),
(1487, 614, 78, 12, 5),
(1488, 26, 79, 12, 5),
(1489, 626, 80, 12, 5),
(1490, 373, 81, 12, 5),
(1491, 424, 82, 12, 5),
(1492, 26, 83, 12, 6),
(1493, 41, 84, 12, 6),
(1494, 643, 85, 12, 6),
(1495, 644, 86, 12, 6),
(1496, 35, 87, 12, 6),
(1497, 645, 88, 12, 6),
(1498, 26, 89, 12, 6),
(1499, 40, 90, 12, 6),
(1500, 68, 91, 12, 6),
(1501, 646, 92, 12, 6),
(1502, 223, 93, 12, 6),
(1503, 40, 94, 12, 6),
(1504, 72, 95, 12, 6),
(1505, 637, 96, 12, 6),
(1506, 647, 97, 12, 7),
(1507, 637, 98, 12, 7),
(1508, 26, 99, 12, 7),
(1509, 636, 100, 12, 7),
(1510, 648, 101, 12, 7),
(1511, 125, 102, 12, 7),
(1512, 649, 103, 12, 7),
(1513, 650, 104, 12, 7),
(1514, 651, 105, 12, 7),
(1515, 629, 106, 12, 7),
(1516, 652, 107, 12, 7),
(1517, 653, 108, 12, 7),
(1518, 68, 109, 12, 7),
(1519, 654, 110, 12, 7),
(1520, 66, 111, 12, 7),
(1521, 655, 112, 12, 7),
(1522, 231, 113, 12, 7),
(1523, 656, 114, 12, 7),
(1524, 651, 115, 12, 7),
(1525, 628, 116, 12, 7),
(1526, 72, 117, 12, 7),
(1527, 110, 118, 12, 7),
(1528, 26, 119, 12, 7),
(1529, 651, 120, 12, 7),
(1530, 645, 121, 12, 7),
(1531, 68, 122, 12, 7),
(1532, 657, 123, 12, 7),
(1533, 658, 124, 12, 7),
(1534, 659, 125, 12, 7),
(1535, 117, 126, 12, 7),
(1536, 563, 127, 12, 7),
(1537, 652, 128, 12, 7),
(1538, 653, 129, 12, 7),
(1539, 66, 130, 12, 7),
(1540, 35, 131, 12, 7),
(1541, 660, 132, 12, 7),
(1542, 360, 133, 12, 7),
(1543, 72, 134, 12, 7),
(1544, 661, 135, 12, 7),
(1545, 652, 136, 12, 7),
(1546, 662, 137, 12, 7),
(1547, 651, 138, 12, 7),
(1548, 630, 139, 12, 7),
(1549, 193, 140, 12, 8),
(1550, 7, 141, 12, 8),
(1551, 634, 142, 12, 8),
(1552, 35, 143, 12, 8),
(1553, 663, 144, 12, 8),
(1554, 227, 145, 12, 8),
(1555, 321, 146, 12, 8),
(1556, 209, 147, 12, 8),
(1557, 664, 148, 12, 8),
(1558, 392, 149, 12, 8),
(1559, 665, 150, 12, 8),
(1560, 26, 151, 12, 8),
(1561, 666, 152, 12, 8),
(1562, 667, 153, 12, 8),
(1563, 21, 154, 12, 9),
(1564, 668, 155, 12, 9),
(1565, 647, 156, 12, 9),
(1566, 178, 157, 12, 9),
(1567, 35, 158, 12, 9),
(1568, 614, 159, 12, 9),
(1569, 44, 160, 12, 10),
(1570, 48, 161, 12, 10),
(1571, 41, 162, 12, 10),
(1572, 77, 163, 12, 10),
(1573, 278, 164, 12, 10),
(1574, 41, 165, 12, 10),
(1575, 565, 166, 12, 10),
(1576, 669, 167, 12, 10),
(1577, 20, 168, 12, 10),
(1578, 670, 169, 12, 10),
(1579, 671, 170, 12, 10),
(1580, 85, 171, 12, 10),
(1581, 672, 172, 12, 10),
(1582, 346, 173, 12, 11),
(1583, 614, 174, 12, 11),
(1584, 21, 175, 12, 11),
(1585, 26, 176, 12, 11),
(1586, 673, 177, 12, 11),
(1587, 233, 178, 12, 11),
(1588, 674, 179, 12, 11),
(1589, 539, 180, 12, 11),
(1590, 7, 181, 12, 11),
(1591, 675, 182, 12, 11),
(1592, 40, 183, 12, 11),
(1593, 676, 184, 12, 11),
(1594, 677, 185, 12, 11),
(1595, 7, 186, 12, 12),
(1596, 678, 187, 12, 12),
(1597, 35, 188, 12, 12),
(1598, 458, 189, 12, 12),
(1599, 614, 190, 12, 12),
(1600, 21, 191, 12, 12),
(1601, 679, 192, 12, 12),
(1602, 680, 193, 12, 12),
(1603, 26, 194, 12, 12),
(1604, 143, 195, 12, 12),
(1605, 35, 196, 12, 12),
(1606, 453, 197, 12, 12),
(1607, 38, 198, 12, 12),
(1608, 67, 199, 12, 12),
(1609, 68, 200, 12, 12),
(1610, 681, 201, 12, 12),
(1611, 46, 202, 12, 12),
(1612, 285, 203, 12, 12),
(1613, 641, 204, 12, 12),
(1614, 202, 205, 12, 12),
(1615, 106, 206, 12, 12),
(1616, 586, 1, 13, 1),
(1617, 1, 2, 13, 1),
(1618, 2, 3, 13, 1),
(1619, 41, 4, 13, 1),
(1620, 682, 5, 13, 1),
(1621, 671, 6, 13, 1),
(1622, 151, 7, 13, 1),
(1623, 26, 8, 13, 1),
(1624, 683, 9, 13, 1),
(1625, 41, 10, 13, 1),
(1626, 149, 11, 13, 1),
(1627, 21, 12, 13, 1),
(1628, 556, 13, 13, 1),
(1629, 7, 14, 13, 1),
(1630, 401, 15, 13, 1),
(1631, 1, 16, 13, 1),
(1632, 684, 17, 13, 1),
(1633, 194, 18, 13, 1),
(1634, 21, 19, 13, 1),
(1635, 685, 20, 13, 1),
(1636, 46, 21, 13, 1),
(1637, 13, 22, 13, 1),
(1638, 202, 23, 13, 1),
(1639, 15, 24, 13, 1),
(1640, 84, 25, 13, 1),
(1641, 52, 26, 13, 1),
(1642, 686, 27, 13, 1),
(1643, 306, 28, 13, 1),
(1644, 35, 29, 13, 1),
(1645, 687, 30, 13, 1),
(1646, 306, 31, 13, 1),
(1647, 18, 32, 13, 1),
(1648, 140, 33, 13, 1),
(1649, 688, 34, 13, 2),
(1650, 688, 35, 13, 2),
(1651, 46, 36, 13, 2),
(1652, 47, 37, 13, 2),
(1653, 7, 38, 13, 2),
(1654, 689, 39, 13, 2),
(1655, 534, 40, 13, 2),
(1656, 21, 41, 13, 2),
(1657, 469, 42, 13, 2),
(1658, 7, 43, 13, 2),
(1659, 690, 44, 13, 2),
(1660, 215, 45, 13, 3),
(1661, 691, 46, 13, 3),
(1662, 231, 47, 13, 3),
(1663, 282, 48, 13, 3),
(1664, 41, 49, 13, 3),
(1665, 692, 50, 13, 3),
(1666, 20, 51, 13, 3),
(1667, 693, 52, 13, 3),
(1668, 694, 53, 13, 3),
(1669, 35, 54, 13, 4),
(1670, 682, 55, 13, 4),
(1671, 231, 56, 13, 4),
(1672, 233, 57, 13, 4),
(1673, 20, 58, 13, 4),
(1674, 21, 59, 13, 4),
(1675, 227, 60, 13, 4),
(1676, 695, 61, 13, 4),
(1677, 220, 62, 13, 5),
(1678, 696, 63, 13, 5),
(1679, 7, 64, 13, 5),
(1680, 144, 65, 13, 5),
(1681, 697, 66, 13, 5),
(1682, 51, 67, 13, 5),
(1683, 346, 68, 13, 5),
(1684, 698, 69, 13, 5),
(1685, 26, 70, 13, 5),
(1686, 41, 71, 13, 5),
(1687, 698, 72, 13, 5),
(1688, 699, 73, 13, 5),
(1689, 20, 74, 13, 5),
(1690, 46, 75, 13, 5),
(1691, 700, 76, 13, 5),
(1692, 7, 77, 13, 5),
(1693, 106, 78, 13, 5),
(1694, 35, 79, 13, 6),
(1695, 682, 80, 13, 6),
(1696, 21, 81, 13, 6),
(1697, 701, 82, 13, 6),
(1698, 26, 83, 13, 6),
(1699, 35, 84, 13, 6),
(1700, 698, 85, 13, 6),
(1701, 20, 86, 13, 6),
(1702, 227, 87, 13, 6),
(1703, 702, 88, 13, 6),
(1704, 703, 89, 13, 6),
(1705, 167, 90, 13, 6),
(1706, 35, 91, 13, 6),
(1707, 704, 92, 13, 6),
(1708, 167, 93, 13, 6),
(1709, 18, 94, 13, 6),
(1710, 103, 95, 13, 6),
(1711, 26, 96, 13, 6),
(1712, 72, 97, 13, 6),
(1713, 705, 98, 13, 6),
(1714, 26, 99, 13, 6),
(1715, 706, 100, 13, 6),
(1716, 331, 101, 13, 6),
(1717, 116, 102, 13, 6),
(1718, 52, 103, 13, 6),
(1719, 448, 104, 13, 6),
(1720, 144, 105, 13, 6),
(1721, 35, 106, 13, 7),
(1722, 682, 107, 13, 7),
(1723, 707, 108, 13, 7),
(1724, 433, 109, 13, 7),
(1725, 194, 110, 13, 7),
(1726, 21, 111, 13, 7),
(1727, 708, 112, 13, 7),
(1728, 40, 113, 13, 7),
(1729, 709, 114, 13, 7),
(1730, 633, 115, 13, 7),
(1731, 698, 116, 13, 7),
(1732, 710, 117, 13, 7),
(1733, 107, 118, 13, 7),
(1734, 13, 119, 13, 7),
(1735, 711, 120, 13, 7),
(1736, 15, 121, 13, 7),
(1737, 83, 122, 13, 7),
(1738, 28, 123, 13, 7),
(1739, 86, 124, 13, 7),
(1740, 26, 125, 13, 7),
(1741, 190, 126, 13, 7),
(1742, 202, 127, 13, 7),
(1743, 219, 128, 13, 7),
(1744, 35, 129, 13, 7),
(1745, 698, 130, 13, 7),
(1746, 712, 131, 13, 7),
(1747, 147, 132, 13, 7),
(1748, 97, 133, 13, 7),
(1749, 713, 134, 13, 7),
(1750, 586, 1, 14, 1),
(1751, 1, 2, 14, 1),
(1752, 2, 3, 14, 1),
(1753, 41, 4, 14, 1),
(1754, 692, 5, 14, 1),
(1755, 714, 6, 14, 1),
(1756, 715, 7, 14, 1),
(1757, 26, 8, 14, 1),
(1758, 28, 9, 14, 1),
(1759, 692, 10, 14, 1),
(1760, 714, 11, 14, 1),
(1761, 716, 12, 14, 1),
(1762, 717, 13, 14, 1),
(1763, 718, 14, 14, 1),
(1764, 41, 15, 14, 2),
(1765, 149, 16, 14, 2),
(1766, 719, 17, 14, 2),
(1767, 561, 18, 14, 2),
(1768, 35, 19, 14, 2),
(1769, 720, 20, 14, 2),
(1770, 20, 21, 14, 2),
(1771, 65, 22, 14, 2),
(1772, 1, 23, 14, 2),
(1773, 721, 24, 14, 2),
(1774, 722, 25, 14, 2),
(1775, 26, 26, 14, 2),
(1776, 723, 27, 14, 2),
(1777, 566, 28, 14, 2),
(1778, 18, 29, 14, 2),
(1779, 724, 30, 14, 2),
(1780, 7, 31, 14, 3),
(1781, 725, 32, 14, 3),
(1782, 718, 33, 14, 3),
(1783, 18, 34, 14, 3),
(1784, 506, 35, 14, 3),
(1785, 726, 36, 14, 3),
(1786, 671, 37, 14, 3),
(1787, 727, 38, 14, 3),
(1788, 194, 39, 14, 3),
(1789, 35, 40, 14, 3),
(1790, 720, 41, 14, 3),
(1791, 6, 42, 14, 3),
(1792, 139, 43, 14, 3),
(1793, 728, 44, 14, 3),
(1794, 729, 45, 14, 3),
(1795, 730, 46, 14, 3),
(1796, 339, 47, 14, 3),
(1797, 125, 48, 14, 3),
(1798, 731, 49, 14, 3),
(1799, 178, 50, 14, 3),
(1800, 432, 51, 14, 3),
(1801, 7, 52, 14, 3),
(1802, 566, 53, 14, 3),
(1803, 18, 54, 14, 3),
(1804, 724, 55, 14, 3),
(1805, 21, 56, 14, 4),
(1806, 21, 57, 14, 4),
(1807, 732, 58, 14, 4),
(1808, 18, 59, 14, 4),
(1809, 724, 60, 14, 4),
(1810, 733, 61, 14, 4),
(1811, 734, 62, 14, 4),
(1812, 109, 63, 14, 4),
(1813, 735, 64, 14, 4),
(1814, 736, 65, 14, 4),
(1815, 737, 66, 14, 4),
(1816, 231, 67, 14, 4),
(1817, 339, 68, 14, 4),
(1818, 26, 69, 14, 4),
(1819, 21, 70, 14, 4),
(1820, 738, 71, 14, 4),
(1821, 109, 72, 14, 4),
(1822, 52, 73, 14, 4),
(1823, 722, 74, 14, 4),
(1824, 18, 75, 14, 5),
(1825, 722, 76, 14, 5),
(1826, 739, 77, 14, 5),
(1827, 15, 78, 14, 5),
(1828, 740, 79, 14, 5),
(1829, 26, 80, 14, 5),
(1830, 15, 81, 14, 5),
(1831, 18, 82, 14, 5),
(1832, 44, 83, 14, 5),
(1833, 18, 84, 14, 5),
(1834, 724, 85, 14, 5),
(1835, 46, 86, 14, 5),
(1836, 741, 87, 14, 5),
(1837, 72, 88, 14, 5),
(1838, 718, 89, 14, 5),
(1839, 742, 90, 14, 5),
(1840, 72, 91, 14, 5),
(1841, 432, 92, 14, 5),
(1842, 743, 93, 14, 5),
(1843, 26, 94, 14, 5),
(1844, 46, 95, 14, 5),
(1845, 21, 96, 14, 5),
(1846, 744, 97, 14, 5),
(1847, 20, 98, 14, 5),
(1848, 35, 99, 14, 5),
(1849, 720, 100, 14, 5),
(1850, 227, 101, 14, 5),
(1851, 745, 102, 14, 5),
(1852, 26, 103, 14, 5),
(1853, 496, 104, 14, 5),
(1854, 178, 105, 14, 5),
(1855, 204, 106, 14, 5),
(1856, 746, 107, 14, 5),
(1857, 18, 108, 14, 5),
(1858, 722, 109, 14, 5),
(1859, 18, 110, 14, 6),
(1860, 724, 111, 14, 6),
(1861, 21, 112, 14, 6),
(1862, 469, 113, 14, 6),
(1863, 7, 114, 14, 6),
(1864, 566, 115, 14, 6),
(1865, 194, 116, 14, 7),
(1866, 35, 117, 14, 7),
(1867, 720, 118, 14, 7),
(1868, 62, 119, 14, 7),
(1869, 306, 120, 14, 7),
(1870, 6, 121, 14, 7),
(1871, 125, 122, 14, 7),
(1872, 415, 123, 14, 7),
(1873, 26, 124, 14, 7),
(1874, 35, 125, 14, 7),
(1875, 747, 126, 14, 7),
(1876, 748, 127, 14, 7),
(1877, 72, 128, 14, 7),
(1878, 718, 129, 14, 7),
(1879, 749, 130, 14, 7),
(1880, 18, 131, 14, 7),
(1881, 33, 132, 14, 7),
(1882, 26, 133, 14, 7),
(1883, 21, 134, 14, 7),
(1884, 750, 135, 14, 7),
(1885, 751, 136, 14, 7),
(1886, 752, 137, 14, 7),
(1887, 432, 138, 14, 7),
(1888, 26, 139, 14, 8),
(1889, 753, 140, 14, 8),
(1890, 1, 141, 14, 8),
(1891, 120, 142, 14, 8),
(1892, 754, 143, 14, 8),
(1893, 737, 144, 14, 8),
(1894, 44, 145, 14, 8),
(1895, 735, 146, 14, 8),
(1896, 755, 147, 14, 8),
(1897, 756, 148, 14, 8),
(1898, 26, 149, 14, 9),
(1899, 21, 150, 14, 9),
(1900, 757, 151, 14, 9),
(1901, 493, 152, 14, 9),
(1902, 758, 153, 14, 9),
(1903, 759, 154, 14, 9),
(1904, 40, 155, 14, 9),
(1905, 760, 156, 14, 9),
(1906, 7, 157, 14, 9),
(1907, 109, 158, 14, 9),
(1908, 18, 159, 14, 9),
(1909, 432, 160, 14, 9),
(1910, 761, 161, 14, 9);

-- --------------------------------------------------------

--
-- Table structure for table `transcriptions`
--

CREATE TABLE `transcriptions` (
  `id` int(11) NOT NULL,
  `supervisor_id` int(11) DEFAULT NULL,
  `patient_id` varchar(16) DEFAULT NULL,
  `text_id` int(11) DEFAULT NULL,
  `filename` varchar(100) NOT NULL,
  `body` text NOT NULL,
  `update_date` timestamp NOT NULL DEFAULT current_timestamp()
) ENGINE=InnoDB DEFAULT CHARSET=latin1;

--
-- Dumping data for table `transcriptions`
--

INSERT INTO `transcriptions` (`id`, `supervisor_id`, `patient_id`, `text_id`, `filename`, `body`, `update_date`) VALUES
(17, 1, '10', 14, '1010.flac', 'C\'era una volta un vecchio abbandono abbandonato e nel vecchio campanile c\'era molti topi un giorno dall\'altro alto il campanile che tira va che tirava una lunga fine è sentivo sul suo nere la campana Campana a topi la cosa sempio la cosa però molto bella quando il Canaro ad Anto via e si propo se fossero agli altri di provare anche loro a scuola Re La Capanna Si si suoniamo la campana diventeremo Amò sì tutto ci ammirano tutti C a Milano di sera dissero gli altri si attaccano tutti alla fine la le del profumi in è in la guaina della Ma la compro la fontana Non suonava il i topi dobbiamo loro che non si accorcia c\'ero se ne andò di nuovo e il suono cioè cesso abbandonato la col Cor da e si abbracciarlo felici fra di loro è stato una grande fatica di sé ma ci siamo riusciti e si spara ai quattro venti per raccontare a tutti la loro in presenza', '2022-08-27 07:13:24');

-- --------------------------------------------------------

--
-- Table structure for table `users`
--

CREATE TABLE `users` (
  `id` int(11) NOT NULL,
  `name` varchar(100) DEFAULT NULL,
  `email` varchar(100) DEFAULT NULL,
  `username` varchar(30) DEFAULT NULL,
  `password` varchar(100) DEFAULT NULL,
  `register_date` timestamp NOT NULL DEFAULT current_timestamp()
) ENGINE=InnoDB DEFAULT CHARSET=latin1;

--
-- Dumping data for table `users`
--

INSERT INTO `users` (`id`, `name`, `email`, `username`, `password`, `register_date`) VALUES
(1, 'andrea', 'sterbini@di.uniroma1.it', 'andrea', '$5$rounds=535000$IIHnxJ5x/DxpKQKO$BLN45uXD3RXv6T8lTBk2aCPTcKbYzTvazX6mlRci14B', '2022-08-25 15:38:08');

-- --------------------------------------------------------

--
-- Table structure for table `words`
--

CREATE TABLE `words` (
  `id` int(11) NOT NULL,
  `word` varchar(30) DEFAULT NULL,
  `type` varchar(10) DEFAULT NULL
) ENGINE=InnoDB DEFAULT CHARSET=latin1;

--
-- Dumping data for table `words`
--

INSERT INTO `words` (`id`, `word`, `type`) VALUES
(1, 'una', ''),
(2, 'volta', ''),
(3, 'verso', ''),
(4, 'sera', ''),
(5, 'alì', ''),
(6, 'andò', ''),
(7, 'a', ''),
(8, 'prendere', ''),
(9, 'acqua', ''),
(10, 'curvandosi', ''),
(11, 'sul', ''),
(12, 'pozzo', ''),
(13, 'vide', ''),
(14, 'laggiù', ''),
(15, 'in', ''),
(16, 'fondo', ''),
(17, 'nell\'acqua', ''),
(18, 'la', ''),
(19, 'luna', ''),
(20, 'che', ''),
(21, 'si', ''),
(22, 'specchiava', ''),
(23, 'poveri', ''),
(24, 'noi', ''),
(25, 'gridò', ''),
(26, 'è', ''),
(27, 'caduta', ''),
(28, 'nel', ''),
(29, 'presto', ''),
(30, 'tiriamola', ''),
(31, 'fuori', ''),
(32, 'corse', ''),
(33, 'corda', ''),
(34, 'uncino', ''),
(35, 'il', ''),
(36, 'bravo', ''),
(37, 'diede', ''),
(38, 'da', ''),
(39, 'fare', ''),
(40, 'per', ''),
(41, 'un', ''),
(42, 'bel', ''),
(43, 'pezzo', ''),
(44, 'ma', ''),
(45, 'l\'uncino', ''),
(46, 'non', ''),
(47, 'riusciva', ''),
(48, 'ad', ''),
(49, 'acchiappare', ''),
(50, 'tirarla', ''),
(51, 'su', ''),
(52, 'alla', ''),
(53, 'fine', ''),
(54, 'ebbe', ''),
(55, 'l\'impressione', ''),
(56, 'avesse', ''),
(57, 'fatto', ''),
(58, 'presa', ''),
(59, 'cominciò', ''),
(60, 'tirare', ''),
(61, 'acciderba', ''),
(62, 'se', ''),
(63, 'pesa', ''),
(64, 'sospirava', ''),
(65, 'tirava', ''),
(66, 'con', ''),
(67, 'tutte', ''),
(68, 'le', ''),
(69, 'sue', ''),
(70, 'forze', ''),
(71, 'puntando', ''),
(72, 'i', ''),
(73, 'piedi', ''),
(74, 'contro', ''),
(75, 'parapetto', ''),
(76, 'del', ''),
(77, 'tratto', ''),
(78, 'staccò', ''),
(79, 'cadde', ''),
(80, 'sulla', ''),
(81, 'schiena', ''),
(82, 'guardò', ''),
(83, 'alto', ''),
(84, 'mezzo', ''),
(85, 'al', ''),
(86, 'cielo', ''),
(87, 'dio', ''),
(88, 'sia', ''),
(89, 'lodato', ''),
(90, 'esclamò', ''),
(91, 'soddisfatto', ''),
(92, 'mi', ''),
(93, 'sarò', ''),
(94, 'qualche', ''),
(95, 'bernoccolo', ''),
(96, 'tornata', ''),
(97, 'suo', ''),
(98, 'posto', ''),
(99, 'babbo', ''),
(100, 'natale', ''),
(101, 'slitta', ''),
(102, 'avvicina', ''),
(103, 'città', ''),
(104, 'notte', ''),
(105, 'fonda', ''),
(106, 'nessuno', ''),
(107, 'lo', ''),
(108, 'vede', ''),
(109, 'tutti', ''),
(110, 'bambini', ''),
(111, 'sono', ''),
(112, 'sotto', ''),
(113, 'coperte', ''),
(114, 'sognare', ''),
(115, 'ferma', ''),
(116, 'davanti', ''),
(117, 'alle', ''),
(118, 'case', ''),
(119, 'prende', ''),
(120, 'grande', ''),
(121, 'foglio', ''),
(122, 'dove', ''),
(123, 'scritti', ''),
(124, 'nomi', ''),
(125, 'di', ''),
(126, 'poi', ''),
(127, 'entra', ''),
(128, 'nelle', ''),
(129, 'qui', ''),
(130, 'lascia', ''),
(131, 'trenino', ''),
(132, 'lì', ''),
(133, 'carro', ''),
(134, 'dei', ''),
(135, 'pompieri', ''),
(136, 'cucinina', ''),
(137, 'burattini', ''),
(138, 'così', ''),
(139, 'via', ''),
(140, 'mamma', ''),
(141, 'gigi', ''),
(142, 'ha', ''),
(143, 'messo', ''),
(144, 'casa', ''),
(145, 'gerani', ''),
(146, 'riparo', ''),
(147, 'dal', ''),
(148, 'freddo', ''),
(149, 'giorno', ''),
(150, 'trova', ''),
(151, 'piccolo', ''),
(152, 'bruco', ''),
(153, 'verde', ''),
(154, 'mangia', ''),
(155, 'foglie', ''),
(156, 'povere', ''),
(157, 'dice', ''),
(158, 'povero', ''),
(159, 'farà', ''),
(160, 'bisogna', ''),
(161, 'salvarlo', ''),
(162, 'prepara', ''),
(163, 'aeroplanino', ''),
(164, 'cartae', ''),
(165, 'vi', ''),
(166, 'spinge', ''),
(167, 'sopra', ''),
(168, 'apre', ''),
(169, 'finestra', ''),
(170, 'fa', ''),
(171, 'volare', ''),
(172, 'l\'aereo', ''),
(173, 'speriamo', ''),
(174, 'scenda', ''),
(175, 'nell\'erba', ''),
(176, 'prato', ''),
(177, 'esclama', ''),
(178, 'anche', ''),
(179, 'quella', ''),
(180, 'buona', ''),
(181, 'mangiare', ''),
(182, 'presso', ''),
(183, 'palude', ''),
(184, 'viveva', ''),
(185, 'uomo', ''),
(186, 'appena', ''),
(187, 'due', ''),
(188, 'spanne', ''),
(189, 'aspettava', ''),
(190, 'sempre', ''),
(191, 'crescere', ''),
(192, 'cresceva', ''),
(193, 'mai', ''),
(194, 'quando', ''),
(195, 'fu', ''),
(196, 'stanco', ''),
(197, 'aspettare', ''),
(198, 'decise', ''),
(199, 'domandare', ''),
(200, 'consiglio', ''),
(201, 'creature', ''),
(202, 'più', ''),
(203, 'grandi', ''),
(204, 'lui', ''),
(205, 'saggio', ''),
(206, 'barbagianni', ''),
(207, 'tu', ''),
(208, 'sei', ''),
(209, 'tanto', ''),
(210, 'sai', ''),
(211, 'dire', ''),
(212, 'devo', ''),
(213, 'diventare', ''),
(214, 'aspetta', ''),
(215, 'perché', ''),
(216, 'hai', ''),
(217, 'bisogno', ''),
(218, 'vedere', ''),
(219, 'lontano', ''),
(220, 'vuoi', ''),
(221, 'arrampicati', ''),
(222, 'albero', ''),
(223, 'o', ''),
(224, 'forse', ''),
(225, 'capace', ''),
(226, 'però', ''),
(227, 'era', ''),
(228, 'venuto', ''),
(229, 'mente', ''),
(230, 'socchiuse', ''),
(231, 'gli', ''),
(232, 'occhi', ''),
(233, 'disse', ''),
(234, 'vedi', ''),
(235, 'l\'uomo', ''),
(236, 'avere', ''),
(237, 'gran', ''),
(238, 'corpo', ''),
(239, 'buon', ''),
(240, 'cervello', ''),
(241, 'chi', ''),
(242, 'intelletto', ''),
(243, 'grosso', ''),
(244, 'abbastanza', ''),
(245, 'mille', ''),
(246, 'anni', ''),
(247, 'or', ''),
(248, 'inghilterra', ''),
(249, 'regnava', ''),
(250, 're', ''),
(251, 'nome', ''),
(252, 'alfredo', ''),
(253, 'egli', ''),
(254, 'primo', ''),
(255, 'costruire', ''),
(256, 'flotta', ''),
(257, 'navi', ''),
(258, 'difesa', ''),
(259, 'dell\'inghilterra', ''),
(260, 'essendo', ''),
(261, 'un\'isola', ''),
(262, 'circondata', ''),
(263, 'ogni', ''),
(264, 'parte', ''),
(265, 'mare', ''),
(266, 'percorreva', ''),
(267, 'paese', ''),
(268, 'senza', ''),
(269, 'scorta', ''),
(270, 'seguito', ''),
(271, 'spèesso', ''),
(272, 'intratteneva', ''),
(273, 'coi', ''),
(274, 'suoi', ''),
(275, 'sudditi', ''),
(276, 'farsi', ''),
(277, 'riconoscere', ''),
(278, 'arrivò', ''),
(279, 'd\'una', ''),
(280, 'povera', ''),
(281, 'donna', ''),
(282, 'chiese', ''),
(283, 'permesso', ''),
(284, 'riposarsi', ''),
(285, 'fece', ''),
(286, 'sedere', ''),
(287, 'cucina', ''),
(288, 'attesa', ''),
(289, 'alcune', ''),
(290, 'focacce', ''),
(291, 'erano', ''),
(292, 'forno', ''),
(293, 'fossero', ''),
(294, 'cotte', ''),
(295, 'certo', ''),
(296, 'momento', ''),
(297, 'andare', ''),
(298, 'attingere', ''),
(299, 'vorrei', ''),
(300, 'bruciassero', ''),
(301, 'nono', ''),
(302, 'sapeva', ''),
(303, 'aveva', ''),
(304, 'promise', ''),
(305, 'sorvegliarle', ''),
(306, 'ne', ''),
(307, 'andata', ''),
(308, 'tanti', ''),
(309, 'pensieri', ''),
(310, 'dimenticò', ''),
(311, 'promessa', ''),
(312, 'diventarono', ''),
(313, 'carbone', ''),
(314, 'torna', ''),
(315, 'sentendo', ''),
(316, 'puzzo', ''),
(317, 'bruciato', ''),
(318, 'rimprovera', ''),
(319, 'come', ''),
(320, 'fosse', ''),
(321, 'stato', ''),
(322, 'ragazzo', ''),
(323, 'scapato', ''),
(324, 'poco', ''),
(325, 'giudizio', ''),
(326, 'siete', ''),
(327, 'neppure', ''),
(328, 'sorvegliare', ''),
(329, 'punto', ''),
(330, 'dell\'amor', ''),
(331, 'proprio', ''),
(332, 'tentò', ''),
(333, 'scusarsi', ''),
(334, 'io', ''),
(335, 'd\'inghilterra', ''),
(336, 'quindi', ''),
(337, 'ho', ''),
(338, 'ben', ''),
(339, 'altri', ''),
(340, 'meraviglia', ''),
(341, 'scomporsi', ''),
(342, 'sta', ''),
(343, 'bee', ''),
(344, 'voi', ''),
(345, 'sarete', ''),
(346, 'questo', ''),
(347, 'vostro', ''),
(348, 'dovere', ''),
(349, 'avete', ''),
(350, 'ragione', ''),
(351, 'ringrazio', ''),
(352, 'della', ''),
(353, 'lezione', ''),
(354, 'va', ''),
(355, 'assolto', ''),
(356, 'bene', ''),
(357, 'dai', ''),
(358, 'mattino', ''),
(359, 'd\'inverno', ''),
(360, 'mentre', ''),
(361, 'cadevano', ''),
(362, 'fiocchi', ''),
(363, 'neve', ''),
(364, 'giardino', ''),
(365, 'ella', ''),
(366, 'mia', ''),
(367, 'campagna', ''),
(368, 'apparve', ''),
(369, 'gatta', ''),
(370, 'bianca', ''),
(371, 'nera', ''),
(372, 'zoppicava', ''),
(373, 'chiedeva', ''),
(374, 'aiuto', ''),
(375, 'venne', ''),
(376, 'fin', ''),
(377, 'sull\'uscio', ''),
(378, 'testa', ''),
(379, 'accarezzava', ''),
(380, 'gambe', ''),
(381, 'voleva', ''),
(382, 'costi', ''),
(383, 'accorgessi', ''),
(384, 'zampa', ''),
(385, 'malata', ''),
(386, 'ebbi', ''),
(387, 'compassione', ''),
(388, 'diedi', ''),
(389, 'po', ''),
(390, 'latte', ''),
(391, 'caldo', ''),
(392, 'ed', ''),
(393, 'pezzetto', ''),
(394, 'carne', ''),
(395, 'pollo', ''),
(396, 'dopo', ''),
(397, 'aver', ''),
(398, 'mangiato', ''),
(399, 'scomparve', ''),
(400, 'rimasi', ''),
(401, 'guardare', ''),
(402, 'imbiancava', ''),
(403, 'passarono', ''),
(404, 'neanche', ''),
(405, 'tre', ''),
(406, 'minuti', ''),
(407, 'zoppicando', ''),
(408, 'ricomparve', ''),
(409, 'dietro', ''),
(410, 'l\'angolo', ''),
(411, 'mesti', ''),
(412, 'l\'andatura', ''),
(413, 'lenta', ''),
(414, 'avvicinò', ''),
(415, 'nuovo', ''),
(416, 'accarezzare', ''),
(417, 'tornò', ''),
(418, 'indietro', ''),
(419, 'cercare', ''),
(420, 'qualcosa', ''),
(421, 'piccoli', ''),
(422, 'gattini', ''),
(423, 'infreddoliti', ''),
(424, 'uno', ''),
(425, 'l\'altro', ''),
(426, 'portò', ''),
(427, 'vicino', ''),
(428, 'me', ''),
(429, 'farmeli', ''),
(430, 'avevano', ''),
(431, 'fame', ''),
(432, 'loro', ''),
(433, 'felice', ''),
(434, 'leccava', ''),
(435, 'pulirli', ''),
(436, 'misi', ''),
(437, 'tutta', ''),
(438, 'famigliola', ''),
(439, 'cassetta', ''),
(440, 'lana', ''),
(441, 'portai', ''),
(442, 'ripostiglio', ''),
(443, 'legna', ''),
(444, 'sicuro', ''),
(445, 'zoppicò', ''),
(446, 'continuò', ''),
(447, 'accarezzarmi', ''),
(448, 'sua', ''),
(449, 'recitò', ''),
(450, 'commuovermi', ''),
(451, 'salvare', ''),
(452, 'abete', ''),
(453, 'rosso', ''),
(454, 'bosco', ''),
(455, 'nanetto', ''),
(456, 'pigna', ''),
(457, 'l\'autunno', ''),
(458, 'nostro', ''),
(459, 'omino', ''),
(460, 'tempo', ''),
(461, 'vada', ''),
(462, 'far', ''),
(463, 'provvista', ''),
(464, 'pere', ''),
(465, 'verrà', ''),
(466, 'l\'inverno', ''),
(467, 'indossò', ''),
(468, 'giacchettina', ''),
(469, 'mise', ''),
(470, 'berretto', ''),
(471, 'prese', ''),
(472, 'sacco', ''),
(473, 'montagna', ''),
(474, 'incamminò', ''),
(475, 'villaggio', ''),
(476, 'attraversò', ''),
(477, 'felicemente', ''),
(478, 'frutteto', ''),
(479, 'gialle', ''),
(480, 'sorridevano', ''),
(481, 'invitanti', ''),
(482, 'dall\'albero', ''),
(483, 'ahimè', ''),
(484, 'basso', ''),
(485, 'vento', ''),
(486, 'danzava', ''),
(487, 'gaiamente', ''),
(488, 'cima', ''),
(489, 'dell\'albero', ''),
(490, 'difficoltà', ''),
(491, 'dell\'omino', ''),
(492, 'gettò', ''),
(493, 'ai', ''),
(494, 'delle', ''),
(495, 'belle', ''),
(496, 'stava', ''),
(497, 'dalla', ''),
(498, 'gioia', ''),
(499, 'profondissimo', ''),
(500, 'inchino', ''),
(501, 'grazie', ''),
(502, 'ficcò', ''),
(503, 'pera', ''),
(504, 'sulle', ''),
(505, 'spalle', ''),
(506, 'cosa', ''),
(507, 'pensate', ''),
(508, 'abbia', ''),
(509, 'mangiò', ''),
(510, 'cruda', ''),
(511, 'marmellata', ''),
(512, 'tagliò', ''),
(513, 'pezzetti', ''),
(514, 'zucchero', ''),
(515, 'resto', ''),
(516, 'ricavò', ''),
(517, 'sidro', ''),
(518, 'dolce', ''),
(519, 'bevve', ''),
(520, 'mondo', ''),
(521, 'girargli', ''),
(522, 'intorno', ''),
(523, 'danzare', ''),
(524, 'alberi', ''),
(525, 'suolo', ''),
(526, 'morto', ''),
(527, 'addormentò', ''),
(528, 'ragazzina', ''),
(529, 'passeggio', ''),
(530, 'sorellina', ''),
(531, 'carrozzella', ''),
(532, 'stanca', ''),
(533, 'sbadigliò', ''),
(534, 'allora', ''),
(535, 'voglia', ''),
(536, 'sbadigliare', ''),
(537, 'negozio', ''),
(538, 'cappelli', ''),
(539, 'subito', ''),
(540, 'lei', ''),
(541, 'gente', ''),
(542, 'fermata', ''),
(543, 'tram', ''),
(544, 'giornalaio', ''),
(545, 'ciclista', ''),
(546, 'misero', ''),
(547, 'manovratore', ''),
(548, 'vedendo', ''),
(549, 'quelle', ''),
(550, 'bocche', ''),
(551, 'aperte', ''),
(552, 'ripartire', ''),
(553, 'camionista', ''),
(554, 'sapere', ''),
(555, 'stesse', ''),
(556, 'fermo', ''),
(557, 'sporse', ''),
(558, 'finestrino', ''),
(559, 'colse', ''),
(560, 'automobilisti', ''),
(561, 'videro', ''),
(562, 'fermarono', ''),
(563, 'automobili', ''),
(564, 'sbadigliarono', ''),
(565, 'vigile', ''),
(566, 'suonare', ''),
(567, 'fischietto', ''),
(568, 'decidessero', ''),
(569, 'rimettersi', ''),
(570, 'moto', ''),
(571, 'riuscì', ''),
(572, 'fischiare', ''),
(573, 'breve', ''),
(574, 'cani', ''),
(575, 'gatti', ''),
(576, 'spazzacamino', ''),
(577, 'tetto', ''),
(578, 'persino', ''),
(579, 'lombrichi', ''),
(580, 'nella', ''),
(581, 'terra', ''),
(582, 'fortuna', ''),
(583, 'andarono', ''),
(584, 'dormire', ''),
(585, 'buon\'ora', ''),
(586, 'c\'era', ''),
(587, 'bambina', ''),
(588, 'cercava', ''),
(589, 'funghi', ''),
(590, 'scoiattolo', ''),
(591, 'coda', ''),
(592, 'soffice', ''),
(593, 'scoiattolino', ''),
(594, 'mosse', ''),
(595, 'cercò', ''),
(596, 'scappare', ''),
(597, 'tremava', ''),
(598, 'tutto', ''),
(599, 'occhietti', ''),
(600, 'chiusi', ''),
(601, 'malato', ''),
(602, 'inginocchiò', ''),
(603, 'tolse', ''),
(604, 'allo', ''),
(605, 'ancora', ''),
(606, 'dentro', ''),
(607, 'briciole', ''),
(608, 'pane', ''),
(609, 'terzo', ''),
(610, 'scomparso', ''),
(611, 'brillava', ''),
(612, 'anellino', ''),
(613, 'd\'oro', ''),
(614, 'semaforo', ''),
(615, 'trovava', ''),
(616, 'incrocio', ''),
(617, 'centro', ''),
(618, 'stufo', ''),
(619, 'accendere', ''),
(620, 'stessi', ''),
(621, 'colori', ''),
(622, 'giallo', ''),
(623, 'esistono', ''),
(624, 'bei', ''),
(625, 'pensava', ''),
(626, 'blu', ''),
(627, 'celeste', ''),
(628, 'bianco', ''),
(629, 'rosa', ''),
(630, 'marrone', ''),
(631, 'dovrei', ''),
(632, 'usarli', ''),
(633, 'quel', ''),
(634, 'quell\'incrocio', ''),
(635, 'davvero', ''),
(636, 'autisti', ''),
(637, 'pedoni', ''),
(638, 'capivano', ''),
(639, 'nulla', ''),
(640, 'deve', ''),
(641, 'passare', ''),
(642, 'ora', ''),
(643, 'altro', ''),
(644, 'diceva', ''),
(645, 'grigio', ''),
(646, 'auto', ''),
(647, 'finalmente', ''),
(648, 'decisero', ''),
(649, 'mettersi', ''),
(650, 'd\'accordo', ''),
(651, 'col', ''),
(652, 'sarebbero', ''),
(653, 'passate', ''),
(654, 'donne', ''),
(655, 'l\'azzuro', ''),
(656, 'uomini', ''),
(657, 'persone', ''),
(658, 'anziane', ''),
(659, 'quanto', ''),
(660, 'lilla', ''),
(661, 'camion', ''),
(662, 'passati', ''),
(663, 'traffico', ''),
(664, 'rapido', ''),
(665, 'ordinato', ''),
(666, 'perfino', ''),
(667, 'divertente', ''),
(668, 'divertiva', ''),
(669, 'urbano', ''),
(670, 'teneva', ''),
(671, 'molto', ''),
(672, 'regolamento', ''),
(673, 'guastato', ''),
(674, 'corro', ''),
(675, 'telefonare', ''),
(676, 'farlo', ''),
(677, 'riparare', ''),
(678, 'sentirlo', ''),
(679, 'arrabbiò', ''),
(680, 'moltissimo', ''),
(681, 'parti', ''),
(682, 'bambino', ''),
(683, 'curioso', ''),
(684, 'scimmietta', ''),
(685, 'girò', ''),
(686, 'folla', ''),
(687, 'papà', ''),
(688, 'cammina', ''),
(689, 'trovarli', ''),
(690, 'piangere', ''),
(691, 'piangi', ''),
(692, 'vecchio', ''),
(693, 'vendeva', ''),
(694, 'tappeti', ''),
(695, 'perduto', ''),
(696, 'tornare', ''),
(697, 'siediti', ''),
(698, 'tappeto', ''),
(699, 'speciale', ''),
(700, 'vendo', ''),
(701, 'sedette', ''),
(702, 'magico', ''),
(703, 'volò', ''),
(704, 'mercato', ''),
(705, 'campi', ''),
(706, 'atterrò', ''),
(707, 'scese', ''),
(708, 'voltò', ''),
(709, 'ringraziare', ''),
(710, 'meraviglioso', ''),
(711, 'già', ''),
(712, 'tornava', ''),
(713, 'padrone', ''),
(714, 'campanile', ''),
(715, 'abbandonato', ''),
(716, 'c\'erano', ''),
(717, 'molti', ''),
(718, 'topi', ''),
(719, 'dall\'alto', ''),
(720, 'campanaro', ''),
(721, 'lunga', ''),
(722, 'fune', ''),
(723, 'sentirono', ''),
(724, 'campana', ''),
(725, 'certi', ''),
(726, 'sembrò', ''),
(727, 'bella', ''),
(728, 'essi', ''),
(729, 'proposero', ''),
(730, 'agli', ''),
(731, 'provare', ''),
(732, 'suoniamo', ''),
(733, 'diventeremo', ''),
(734, 'famosi', ''),
(735, 'ci', ''),
(736, 'ammireranno', ''),
(737, 'dissero', ''),
(738, 'attaccarono', ''),
(739, 'dondolava', ''),
(740, 'qua', ''),
(741, 'suonava', ''),
(742, 'raddoppiarono', ''),
(743, 'sforzi', ''),
(744, 'accorsero', ''),
(745, 'tornato', ''),
(746, 'tirando', ''),
(747, 'suono', ''),
(748, 'cessò', ''),
(749, 'abbandonarono', ''),
(750, 'abbracciarono', ''),
(751, 'felici', ''),
(752, 'tra', ''),
(753, 'stata', ''),
(754, 'fatica', ''),
(755, 'siamo', ''),
(756, 'riusciti', ''),
(757, 'sparsero', ''),
(758, 'quattro', ''),
(759, 'venti', ''),
(760, 'raccontare', ''),
(761, 'impresa', '');

--
-- Indexes for dumped tables
--

--
-- Indexes for table `errors`
--
ALTER TABLE `errors`
  ADD PRIMARY KEY (`id`),
  ADD KEY `word` (`text_word`),
  ADD KEY `fk_trans` (`transcription`),
  ADD KEY `err_w` (`err_w`);

--
-- Indexes for table `patients`
--
ALTER TABLE `patients`
  ADD PRIMARY KEY (`cf`);

--
-- Indexes for table `sim_words`
--
ALTER TABLE `sim_words`
  ADD PRIMARY KEY (`id`),
  ADD KEY `word1` (`word1`),
  ADD KEY `word2` (`word2`);

--
-- Indexes for table `spoken_words`
--
ALTER TABLE `spoken_words`
  ADD PRIMARY KEY (`id`),
  ADD KEY `text_word` (`text_word`),
  ADD KEY `transcription` (`transcription`);

--
-- Indexes for table `texts`
--
ALTER TABLE `texts`
  ADD PRIMARY KEY (`id`);

--
-- Indexes for table `text_words`
--
ALTER TABLE `text_words`
  ADD PRIMARY KEY (`id`),
  ADD KEY `fk_text` (`text`),
  ADD KEY `word` (`word`);

--
-- Indexes for table `transcriptions`
--
ALTER TABLE `transcriptions`
  ADD PRIMARY KEY (`id`),
  ADD KEY `supervisor_id` (`supervisor_id`),
  ADD KEY `patient_id` (`patient_id`),
  ADD KEY `textTranscription` (`text_id`);

--
-- Indexes for table `users`
--
ALTER TABLE `users`
  ADD PRIMARY KEY (`id`);

--
-- Indexes for table `words`
--
ALTER TABLE `words`
  ADD PRIMARY KEY (`id`);

--
-- AUTO_INCREMENT for dumped tables
--

--
-- AUTO_INCREMENT for table `errors`
--
ALTER TABLE `errors`
  MODIFY `id` int(11) NOT NULL AUTO_INCREMENT, AUTO_INCREMENT=65;

--
-- AUTO_INCREMENT for table `sim_words`
--
ALTER TABLE `sim_words`
  MODIFY `id` int(11) NOT NULL AUTO_INCREMENT;

--
-- AUTO_INCREMENT for table `spoken_words`
--
ALTER TABLE `spoken_words`
  MODIFY `id` int(11) NOT NULL AUTO_INCREMENT, AUTO_INCREMENT=181;

--
-- AUTO_INCREMENT for table `texts`
--
ALTER TABLE `texts`
  MODIFY `id` int(11) NOT NULL AUTO_INCREMENT, AUTO_INCREMENT=15;

--
-- AUTO_INCREMENT for table `text_words`
--
ALTER TABLE `text_words`
  MODIFY `id` int(11) NOT NULL AUTO_INCREMENT, AUTO_INCREMENT=1911;

--
-- AUTO_INCREMENT for table `transcriptions`
--
ALTER TABLE `transcriptions`
  MODIFY `id` int(11) NOT NULL AUTO_INCREMENT, AUTO_INCREMENT=19;

--
-- AUTO_INCREMENT for table `users`
--
ALTER TABLE `users`
  MODIFY `id` int(11) NOT NULL AUTO_INCREMENT, AUTO_INCREMENT=2;

--
-- AUTO_INCREMENT for table `words`
--
ALTER TABLE `words`
  MODIFY `id` int(11) NOT NULL AUTO_INCREMENT, AUTO_INCREMENT=762;

--
-- Constraints for dumped tables
--

--
-- Constraints for table `errors`
--
ALTER TABLE `errors`
  ADD CONSTRAINT `errors_ibfk_1` FOREIGN KEY (`text_word`) REFERENCES `text_words` (`id`),
  ADD CONSTRAINT `errors_ibfk_2` FOREIGN KEY (`err_w`) REFERENCES `words` (`id`),
  ADD CONSTRAINT `fk_trans` FOREIGN KEY (`transcription`) REFERENCES `transcriptions` (`id`);

--
-- Constraints for table `sim_words`
--
ALTER TABLE `sim_words`
  ADD CONSTRAINT `sim_words_ibfk_1` FOREIGN KEY (`word1`) REFERENCES `words` (`id`),
  ADD CONSTRAINT `sim_words_ibfk_2` FOREIGN KEY (`word2`) REFERENCES `words` (`id`);

--
-- Constraints for table `spoken_words`
--
ALTER TABLE `spoken_words`
  ADD CONSTRAINT `spoken_words_ibfk_1` FOREIGN KEY (`text_word`) REFERENCES `text_words` (`id`),
  ADD CONSTRAINT `spoken_words_ibfk_2` FOREIGN KEY (`transcription`) REFERENCES `transcriptions` (`id`);

--
-- Constraints for table `text_words`
--
ALTER TABLE `text_words`
  ADD CONSTRAINT `fk_text` FOREIGN KEY (`text`) REFERENCES `texts` (`id`),
  ADD CONSTRAINT `text_words_ibfk_1` FOREIGN KEY (`word`) REFERENCES `words` (`id`);

--
-- Constraints for table `transcriptions`
--
ALTER TABLE `transcriptions`
  ADD CONSTRAINT `errors_from_transcription` FOREIGN KEY (`id`) REFERENCES `errors` (`transcription`) ON DELETE CASCADE,
  ADD CONSTRAINT `textTranscription` FOREIGN KEY (`text_id`) REFERENCES `texts` (`id`),
  ADD CONSTRAINT `transcriptions_ibfk_1` FOREIGN KEY (`supervisor_id`) REFERENCES `users` (`id`),
  ADD CONSTRAINT `transcriptions_ibfk_2` FOREIGN KEY (`patient_id`) REFERENCES `patients` (`cf`);
COMMIT;

/*!40101 SET CHARACTER_SET_CLIENT=@OLD_CHARACTER_SET_CLIENT */;
/*!40101 SET CHARACTER_SET_RESULTS=@OLD_CHARACTER_SET_RESULTS */;
/*!40101 SET COLLATION_CONNECTION=@OLD_COLLATION_CONNECTION */;
